Symbol,Date,Open,Low,High,Close,Volume,Value,Trades
FP,2011-01-25,0.5703,0.5703,0.6395,0.6153,351725743,213634846.45,5638
FP,2011-01-26,0.6229,0.5973,0.6267,0.6063,233467301,141931553.88,3697
FP,2011-01-27,0.6082,0.5945,0.6129,0.5968,174526735,104264182.75,2192
FP,2011-01-28,0.593,0.5874,0.5968,0.5874,69251621,40956908.76,1576
FP,2011-01-31,0.585,0.5736,0.5855,0.5826,84982545,49382175.43,1077
FP,2011-02-01,0.5878,0.5855,0.5926,0.5902,52154359,30773700.62,661
FP,2011-02-02,0.5968,0.5968,0.603,0.6016,108525097,65141721.49,615
FP,2011-02-03,0.6016,0.6016,0.6054,0.6016,13385016,8078789.16,546
FP,2011-02-04,0.6025,0.5968,0.6044,0.5968,13661775,8215564.61,448
FP,2011-02-07,0.5987,0.5964,0.6016,0.5964,21951429,13109645.84,500
FP,2011-02-08,0.5968,0.5964,0.6025,0.5964,21796190,13068897.28,412
FP,2011-02-09,0.5959,0.5935,0.5987,0.594,26922919,16046358.4,431
FP,2011-02-10,0.5954,0.584,0.5954,0.584,41309488,24263377.05,663
FP,2011-02-11,0.5831,0.5774,0.5874,0.5798,33852798,19735373.19,591
FP,2011-02-14,0.5817,0.5732,0.5845,0.5765,36591758,21109346.66,1011
FP,2011-02-15,0.5779,0.5684,0.5788,0.5684,46898364,26804591.9,994
FP,2011-02-16,0.5684,0.5556,0.5689,0.5618,47490441,26607166.67,1339
FP,2011-02-17,0.5618,0.5471,0.5618,0.549,65507351,36281870.07,1166
FP,2011-02-18,0.5476,0.5315,0.5637,0.5637,98677180,53618984.59,1463
FP,2011-02-21,0.5689,0.5589,0.5741,0.5684,28491740,16201189.28,548
FP,2011-02-22,0.5594,0.5594,0.567,0.5637,14966424,8423471.15,248
FP,2011-02-23,0.5613,0.5613,0.5684,0.5642,38691152,21941712.35,282
FP,2011-02-24,0.5637,0.5627,0.5675,0.5642,57260043,32436497.76,254
FP,2011-02-25,0.5675,0.5637,0.5717,0.5717,30852202,17483604.15,372
FP,2011-02-28,0.5732,0.5708,0.5803,0.5803,26631442,15343849.86,502
FP,2011-03-01,0.5831,0.5784,0.5888,0.5807,29990998,17501241.33,471
FP,2011-03-02,0.5779,0.5698,0.5826,0.5779,28764893,16653405.81,496
FP,2011-03-03,0.5798,0.5788,0.5845,0.5836,38237165,22293006.16,411
FP,2011-03-04,0.5845,0.5727,0.585,0.5812,12574330,7284643.13,388
FP,2011-03-07,0.5774,0.5694,0.5864,0.5694,30411324,17562780.84,598
FP,2011-03-08,0.576,0.5708,0.5779,0.5708,21580816,12389454,272
FP,2011-03-09,0.5717,0.5665,0.575,0.5684,14142626,8047242.51,551
FP,2011-03-10,0.5684,0.5646,0.5703,0.5684,12876295,7305122.28,378
FP,2011-03-11,0.5637,0.5618,0.5703,0.5703,12582851,7129581.3,349
FP,2011-03-14,0.5703,0.5665,0.5703,0.5689,20258960,11518500.35,239
FP,2011-03-15,0.567,0.5547,0.567,0.5608,40349571,22637988.21,568
FP,2011-03-16,0.5613,0.5613,0.5675,0.5637,39222934,22124272.43,243
FP,2011-03-17,0.5613,0.557,0.5642,0.5632,86249199,48556940.29,330
FP,2011-03-18,0.566,0.5656,0.575,0.575,36723580,20911776.31,369
FP,2011-03-21,0.5769,0.576,0.5793,0.5788,46017881,26592729.82,376
FP,2011-03-22,0.5788,0.5779,0.5822,0.5798,13699625,7939663.27,326
FP,2011-03-23,0.5807,0.5793,0.5822,0.5793,26358418,15294461.7,317
FP,2011-03-24,0.5793,0.5741,0.5807,0.5769,24560498,14183502.2,295
FP,2011-03-25,0.575,0.5732,0.5788,0.5774,31980430,18455764.7,295
FP,2011-03-28,0.5779,0.5769,0.5788,0.5774,27971512,16163133.15,339
FP,2011-03-29,0.5732,0.5732,0.5779,0.5779,28449219,16397310.75,295
FP,2011-03-30,0.5779,0.5765,0.5817,0.5817,23475178,13572587.4,275
FP,2011-03-31,0.5817,0.5779,0.5822,0.5798,18889712,10938957.92,232
FP,2011-04-01,0.5793,0.5779,0.5812,0.5803,8436410,4897597.33,122
FP,2011-04-04,0.5807,0.5769,0.5807,0.5779,12594086,7278329.29,174
FP,2011-04-05,0.5779,0.5765,0.5793,0.5765,17978242,10378705.07,239
FP,2011-04-06,0.5765,0.5765,0.5774,0.5765,13205938,7621165.2,188
FP,2011-04-07,0.5769,0.575,0.5769,0.575,62836422,36166802.95,330
FP,2011-04-08,0.576,0.575,0.5769,0.5769,16733819,9640008,189
FP,2011-04-11,0.5769,0.5732,0.5769,0.5741,17843951,10254195.26,262
FP,2011-04-12,0.5741,0.5656,0.5741,0.5675,29400277,16715406.3,493
FP,2011-04-13,0.5684,0.5656,0.5684,0.566,10670705,6046711.21,250
FP,2011-04-14,0.5665,0.5599,0.5684,0.5599,34549183,19465577.56,551
FP,2011-04-15,0.5599,0.5523,0.5599,0.5552,34101435,18958652.37,572
FP,2011-04-18,0.5547,0.5533,0.5589,0.5533,17344738,9611274.93,294
FP,2011-04-19,0.5514,0.5395,0.5514,0.5447,30033698,16360265.68,839
FP,2011-04-20,0.5447,0.5443,0.5504,0.548,33373771,18264944.6,436
FP,2011-04-21,0.5495,0.5485,0.5514,0.5495,37484346,20598512.55,247
FP,2011-04-22,0.5514,0.5457,0.5518,0.5495,1381207,757075.6,133
FP,2011-04-26,0.5495,0.5452,0.5495,0.5485,4416494,2417517.5,246
FP,2011-04-29,0.5485,0.521,0.5485,0.531,83561616,44473205.34,1095
FP,2011-05-02,0.531,0.5116,0.531,0.5173,57963643,29868337.55,993
FP,2011-05-03,0.5163,0.5059,0.5163,0.5097,34994257,17867607.54,654
FP,2011-05-04,0.5097,0.5068,0.521,0.5163,18950953,9741534.75,503
FP,2011-05-05,0.521,0.5149,0.521,0.5163,10104423,5217675.94,254
FP,2011-05-06,0.5163,0.5144,0.5305,0.5296,5083826,2672374.77,245
FP,2011-05-09,0.5343,0.5258,0.5343,0.5277,10626249,5612964.48,317
FP,2011-05-10,0.5267,0.5163,0.5296,0.5163,16695287,8730462.8,482
FP,2011-05-11,0.5206,0.5059,0.5206,0.5068,40468308,20600197.75,859
FP,2011-05-12,0.4746,0.4727,0.4983,0.4974,69775745,33621202.09,1386
FP,2011-05-13,0.4983,0.4974,0.5059,0.5059,24239364,12176971.14,561
FP,2011-05-16,0.5059,0.5002,0.5059,0.5026,14496843,7283109.67,280
FP,2011-05-17,0.5021,0.495,0.5021,0.4974,11868962,5925144.9,420
FP,2011-05-18,0.5021,0.4917,0.5054,0.4917,12311189,6154927.91,482
FP,2011-05-19,0.4903,0.4784,0.4903,0.4803,50158764,24186620.18,825
FP,2011-05-20,0.4813,0.4775,0.4846,0.4798,2734723,1318178.6,212
FP,2011-05-23,0.4794,0.4737,0.4794,0.4751,12043166,5729589.16,506
FP,2011-05-24,0.4742,0.4713,0.4775,0.4737,40921091,19332014.86,695
FP,2011-05-25,0.4718,0.4547,0.4718,0.4595,64722626,29852039.37,1095
FP,2011-05-26,0.4604,0.4576,0.4726,0.4647,69467274,32071214.07,805
FP,2011-05-27,0.4707,0.4585,0.4707,0.4622,48578019,22458471.81,592
FP,2011-05-30,0.4595,0.4566,0.4595,0.4595,20361565,9338962.96,386
FP,2011-05-31,0.4595,0.4577,0.4656,0.4604,59607939,27473817.41,480
FP,2011-06-01,0.4614,0.4595,0.4832,0.4756,263608088,124856394.69,1364
FP,2011-06-02,0.4737,0.4685,0.4808,0.4746,32320147,15353285.46,703
FP,2011-06-03,0.4746,0.4736,0.4789,0.4742,46148407,21910950.39,585
FP,2011-06-06,0.4737,0.4733,0.4765,0.4737,46228433,21903271.48,464
FP,2011-06-07,0.4737,0.4723,0.4742,0.4742,71245746,33732386.38,497
FP,2011-06-08,0.4737,0.4737,0.4775,0.4756,46998374,22319293.52,438
FP,2011-06-09,0.4742,0.4742,0.4784,0.4756,34537610,16443287.98,485
FP,2011-06-10,0.4784,0.4756,0.4879,0.4832,42094816,20216799,546
FP,2011-06-14,0.4836,0.4836,0.5064,0.5064,69349411,34472246.8,1026
FP,2011-06-15,0.5135,0.5064,0.5192,0.5068,51744168,26460761.1,987
FP,2011-06-16,0.5021,0.4974,0.5054,0.5002,70609047,35432238.38,575
FP,2011-06-17,0.4993,0.4974,0.5125,0.5116,28260233,14343814.73,475
FP,2011-06-20,0.5102,0.5026,0.5154,0.5116,32022608,16361018.36,441
FP,2011-06-21,0.5135,0.5135,0.522,0.5173,66918036,34780361.54,657
FP,2011-06-22,0.5206,0.5068,0.5215,0.5116,113137887,58083247.94,581
FP,2011-06-23,0.5116,0.5002,0.5116,0.5021,29019381,14684792.65,422
FP,2011-06-24,0.5049,0.4993,0.5078,0.5064,53317097,26892548.27,500
FP,2011-06-27,0.5059,0.4907,0.5059,0.4907,15889766,7886885.37,617
FP,2011-06-28,0.4936,0.4926,0.5012,0.5002,66858231,33285901.4,460
FP,2011-06-29,0.5012,0.5012,0.5116,0.5111,38031966,19342603.74,522
FP,2011-06-30,0.512,0.5012,0.5144,0.5068,34497567,17560264.92,574
FP,2011-07-01,0.5092,0.5016,0.5111,0.5026,15902132,7995613.7,303
FP,2011-07-04,0.5059,0.5021,0.5097,0.5021,50517643,25453664.3,301
FP,2011-07-05,0.5087,0.5012,0.5116,0.5012,70396821,35431348.54,818
FP,2011-07-06,0.5012,0.4926,0.5012,0.4974,72029570,35751483.79,708
FP,2011-07-07,0.5026,0.4936,0.5054,0.5054,49921708,25011852.22,577
FP,2011-07-08,0.5021,0.5021,0.5102,0.5078,45337348,23044133.19,455
FP,2011-07-11,0.5049,0.5002,0.5049,0.503,105271935,52856272.54,503
FP,2011-07-12,0.5007,0.4955,0.5007,0.4964,50194187,24837537.19,555
FP,2011-07-13,0.4959,0.4936,0.4974,0.4959,63113316,31271495.67,580
FP,2011-07-14,0.4955,0.4936,0.4974,0.4955,85869153,42426775.78,461
FP,2011-07-15,0.4936,0.4917,0.4945,0.4926,50085303,24671114.73,413
FP,2011-07-18,0.4926,0.4841,0.494,0.4846,30124371,14708193.14,614
FP,2011-07-19,0.4841,0.4841,0.4912,0.4855,29219266,14241975.63,406
FP,2011-07-20,0.4879,0.4832,0.4907,0.4841,42666484,20677934.92,665
FP,2011-07-21,0.4836,0.4836,0.4926,0.4888,38040885,18620338.96,578
FP,2011-07-22,0.4926,0.4926,0.4993,0.4993,51826897,25764181.63,579
FP,2011-07-25,0.4964,0.4907,0.4978,0.4955,176993699,87670420.26,439
FP,2011-07-26,0.4959,0.4874,0.4974,0.4888,24112796,11805159.18,547
FP,2011-07-27,0.4879,0.4832,0.4898,0.4846,19951933,9663374.35,543
FP,2011-07-28,0.4827,0.4808,0.4903,0.4879,35738577,17402596.58,511
FP,2011-07-29,0.4879,0.4832,0.4879,0.4832,89296316,43268018.26,470
FP,2011-08-01,0.4879,0.4832,0.4922,0.4879,50397693,24585287.8,490
FP,2011-08-02,0.4865,0.4832,0.4879,0.4841,20335045,9840105.36,463
FP,2011-08-03,0.4784,0.4737,0.4841,0.4737,22887291,10942192,819
FP,2011-08-04,0.4784,0.4699,0.4789,0.4699,311563629,147838064.8,777
FP,2011-08-05,0.45,0.4454,0.4595,0.45,121786830,54960852.2,1494
FP,2011-08-08,0.4368,0.4263,0.4461,0.4264,111471825,49048452.1,1433
FP,2011-08-09,0.4076,0.3742,0.418,0.4097,190390140,75572882.53,2253
FP,2011-08-10,0.4348,0.4168,0.4367,0.4169,103832386,44464172.54,1480
FP,2011-08-11,0.4074,0.4074,0.4244,0.4127,138025160,57152958.28,801
FP,2011-08-12,0.4225,0.4225,0.4366,0.4364,44712353,19264729.88,669
FP,2011-08-16,0.4405,0.4357,0.4518,0.4452,52804636,23282821.49,816
FP,2011-08-17,0.4453,0.4405,0.4481,0.4471,42882264,19042758.53,486
FP,2011-08-18,0.4433,0.4356,0.4433,0.4356,49661050,21786176,524
FP,2011-08-19,0.4262,0.413,0.4262,0.4187,36595959,15266883.34,886
FP,2011-08-22,0.4168,0.4145,0.4348,0.4334,19242167,8190698.99,436
FP,2011-08-23,0.4359,0.433,0.4429,0.4334,20208827,8818252.79,507
FP,2011-08-24,0.4358,0.4282,0.4371,0.4312,23008133,9987915.37,497
FP,2011-08-25,0.4358,0.429,0.4377,0.4297,45031395,19467491.94,437
FP,2011-08-26,0.4274,0.4244,0.4306,0.4263,15130570,6452553.89,374
FP,2011-08-29,0.431,0.4263,0.4359,0.4357,22150113,9583208.63,414
FP,2011-08-30,0.4358,0.4263,0.4386,0.4266,23912413,10326050.28,717
FP,2011-08-31,0.431,0.4277,0.4344,0.432,22950316,9883481.91,428
FP,2011-09-01,0.4339,0.4258,0.4347,0.4292,29552162,12688453.07,539
FP,2011-09-02,0.428,0.4168,0.428,0.4215,172378784,72370519.97,674
FP,2011-09-05,0.4186,0.4123,0.4186,0.4167,23082479,9616076.84,578
FP,2011-09-06,0.4149,0.4112,0.4168,0.4121,50792419,20973848.58,709
FP,2011-09-07,0.4178,0.4167,0.4263,0.4263,33176311,13907052.76,600
FP,2011-09-08,0.4262,0.4206,0.428,0.4263,29350760,12482747.07,469
FP,2011-09-09,0.4261,0.4245,0.4273,0.4263,40630973,17321860.26,347
FP,2011-09-12,0.4168,0.4121,0.4168,0.4149,58474071,24055298.57,604
FP,2011-09-13,0.4179,0.4143,0.4224,0.4197,18118566,7556024.62,379
FP,2011-09-14,0.419,0.4178,0.4286,0.4271,32914704,14000325.66,384
FP,2011-09-15,0.4273,0.4263,0.431,0.431,25474295,10894197.46,429
FP,2011-09-16,0.431,0.4301,0.4358,0.4358,19751726,8559358.52,372
FP,2011-09-19,0.4263,0.4239,0.4296,0.4242,11369327,4836687.7,295
FP,2011-09-20,0.4244,0.4217,0.4273,0.4254,304772826,129360942.37,332
FP,2011-09-21,0.4263,0.423,0.4273,0.4273,19130111,8137829.44,209
FP,2011-09-22,0.4206,0.4123,0.4206,0.4167,21958069,9145122.28,539
FP,2011-09-23,0.4123,0.4045,0.4172,0.4097,57401326,23665022.59,851
FP,2011-09-26,0.4027,0.4026,0.4093,0.4074,35131094,14300821.92,521
FP,2011-09-27,0.4123,0.4123,0.4253,0.422,51439430,21409413.72,556
FP,2011-09-28,0.4225,0.413,0.4243,0.413,20185279,8386721.86,371
FP,2011-09-29,0.413,0.413,0.422,0.4216,43828003,18301728.72,421
FP,2011-09-30,0.4168,0.4149,0.4202,0.4168,39497132,16497693.02,327
FP,2011-10-03,0.4141,0.4074,0.4141,0.4084,6899220,2824244,223
FP,2011-10-04,0.4069,0.4011,0.4074,0.4029,17827113,7181381.78,508
FP,2011-10-05,0.4074,0.4064,0.4094,0.4074,47365299,19297012.99,363
FP,2011-10-06,0.4084,0.4078,0.414,0.4121,62100480,25560556.9,405
FP,2011-10-07,0.4122,0.4108,0.4279,0.4279,55045577,23365049.62,783
FP,2011-10-10,0.4263,0.4244,0.4279,0.426,47682854,20326909.93,367
FP,2011-10-11,0.4282,0.4267,0.432,0.427,27672456,11864035.68,386
FP,2011-10-12,0.4277,0.4254,0.4292,0.429,25107530,10717104.28,401
FP,2011-10-13,0.4291,0.4262,0.4307,0.4282,19857903,8522326.99,376
FP,2011-10-14,0.4282,0.4263,0.4292,0.4292,24451215,10432550.27,287
FP,2011-10-17,0.4266,0.4219,0.4304,0.4219,8077832,3433616.55,226
FP,2011-10-18,0.4216,0.4121,0.4216,0.4145,17929812,7442162.49,347
FP,2011-10-19,0.4167,0.4159,0.4216,0.4187,25685592,10722971.01,297
FP,2011-10-20,0.4168,0.4159,0.4196,0.4191,28725452,11985038.23,189
FP,2011-10-21,0.4187,0.4168,0.4187,0.4169,8975673,3744262.18,195
FP,2011-10-24,0.4187,0.4183,0.4225,0.4183,11138563,4684562.87,242
FP,2011-10-25,0.4216,0.417,0.4216,0.417,10543432,4426866.5,183
FP,2011-10-26,0.421,0.4121,0.421,0.4187,29682371,12382040.46,250
FP,2011-10-27,0.4236,0.4236,0.4306,0.4301,81088160,34721267.96,793
FP,2011-10-28,0.4306,0.4264,0.4358,0.431,39420844,17010273.4,568
FP,2011-10-31,0.4265,0.4263,0.4292,0.4274,25092437,10712942.9,290
FP,2011-11-01,0.4254,0.4122,0.4254,0.4178,26325633,10981029.77,541
FP,2011-11-02,0.4173,0.4168,0.4202,0.417,14604344,6089447.78,276
FP,2011-11-03,0.4168,0.4121,0.419,0.4168,20092458,8368494.11,343
FP,2011-11-04,0.4206,0.4178,0.4216,0.4206,16535044,6954026.19,248
FP,2011-11-07,0.4187,0.4168,0.4216,0.4206,24477349,10285941.18,207
FP,2011-11-08,0.4263,0.4206,0.4263,0.4225,16185912,6839079.96,392
FP,2011-11-09,0.4225,0.4197,0.4254,0.4206,15214203,6407977.95,266
FP,2011-11-10,0.4169,0.4168,0.4263,0.4216,56126718,23517338.58,344
FP,2011-11-11,0.4216,0.4216,0.4244,0.4236,14621237,6180609.15,196
FP,2011-11-14,0.4263,0.4249,0.4292,0.4249,25613742,10937330.72,333
FP,2011-11-15,0.425,0.4216,0.4272,0.4244,35304261,14972231.05,289
FP,2011-11-16,0.4235,0.4225,0.429,0.4263,21214834,9050340.69,436
FP,2011-11-17,0.4268,0.4244,0.4273,0.4244,32818826,13979860.34,317
FP,2011-11-18,0.4263,0.423,0.4277,0.4263,24389129,10381031.01,277
FP,2011-11-21,0.4263,0.4237,0.4273,0.4244,16803759,7145624.08,233
FP,2011-11-22,0.4256,0.4121,0.4256,0.4168,62527532,26092289.19,638
FP,2011-11-24,0.4168,0.4045,0.4187,0.4055,35875814,14844278.54,733
FP,2011-11-28,0.4121,0.3932,0.414,0.3932,121707832,48631348.98,965
FP,2011-11-29,0.396,0.3941,0.4016,0.4007,12945007,5143386.39,507
FP,2011-11-30,0.3979,0.3979,0.4055,0.4008,69726692,27778955.91,442
FP,2011-12-02,0.407,0.4007,0.407,0.4034,11417714,4605066.35,350
FP,2011-12-05,0.4058,0.4003,0.4062,0.4045,73154584,29576202.37,271
FP,2011-12-06,0.4036,0.3998,0.4038,0.3998,55292261,22260755.54,324
FP,2011-12-07,0.4026,0.4017,0.4064,0.4017,12719220,5123560.19,261
FP,2011-12-08,0.4039,0.3993,0.4045,0.4026,34073917,13689700.19,360
FP,2011-12-09,0.4026,0.3981,0.4093,0.4045,17934013,7274463.01,292
FP,2011-12-12,0.4045,0.3979,0.4046,0.3979,20220514,8232954.48,316
FP,2011-12-13,0.398,0.3932,0.4013,0.3979,13388997,5322233.2,390
FP,2011-12-14,0.4006,0.3951,0.4006,0.396,18877090,7485737.62,254
FP,2011-12-15,0.396,0.3958,0.4024,0.4007,36782744,14699549.85,539
FP,2011-12-16,0.4023,0.398,0.4031,0.4026,27260915,10945063.37,366
FP,2011-12-19,0.398,0.398,0.4035,0.4021,33543426,13468913.51,239
FP,2011-12-20,0.4017,0.3998,0.403,0.4026,23631460,9480847.15,268
FP,2011-12-21,0.4026,0.4026,0.4097,0.4097,34250232,13920803.49,344
FP,2011-12-22,0.4109,0.3979,0.4109,0.4036,30193274,12186442.47,601
FP,2011-12-23,0.3996,0.3996,0.4073,0.4008,12181431,4908178.34,267
FP,2011-12-27,0.4009,0.399,0.4035,0.3999,4226588,1694768.13,146
FP,2011-12-28,0.4017,0.3969,0.4034,0.3983,13663338,5439870.57,347
FP,2011-12-29,0.3969,0.3965,0.3998,0.3978,6342467,2519680.04,208
FP,2011-12-30,0.3975,0.3974,0.4045,0.4045,8576571,3431721.21,132
FP,2012-01-04,0.4074,0.4074,0.4101,0.4093,11022737,4507395.48,220
FP,2012-01-05,0.4074,0.4074,0.4168,0.4074,7167075,2942051.52,232
FP,2012-01-06,0.4062,0.4056,0.4112,0.4073,2873248,1170766.19,191
FP,2012-01-09,0.4074,0.405,0.4078,0.4074,3975996,1619047.16,156
FP,2012-01-10,0.4074,0.4036,0.4074,0.4074,5786079,2343526.79,204
FP,2012-01-11,0.4055,0.4027,0.4073,0.4073,3857140,1562356.1,151
FP,2012-01-12,0.4073,0.4045,0.4083,0.4045,27265242,11087163.91,361
FP,2012-01-13,0.4074,0.4064,0.4078,0.4073,21204822,8636842.63,285
FP,2012-01-16,0.4073,0.4045,0.4093,0.4093,9728403,3960972.01,206
FP,2012-01-17,0.4094,0.4074,0.4137,0.413,12575367,5170286.83,324
FP,2012-01-18,0.4121,0.4103,0.4149,0.4132,8049527,3326696.58,236
FP,2012-01-19,0.413,0.4097,0.4168,0.414,29553707,12264360.1,332
FP,2012-01-20,0.4168,0.4141,0.4296,0.4278,53249029,22648890.1,789
FP,2012-01-23,0.4292,0.4292,0.4414,0.441,41152782,17837738.02,811
FP,2012-01-24,0.4454,0.4405,0.4518,0.4434,38535087,17140582.77,913
FP,2012-01-25,0.4452,0.4434,0.4481,0.4453,18129961,8063694.2,412
FP,2012-01-26,0.4472,0.4453,0.4557,0.4547,20682739,9333728.89,618
FP,2012-01-27,0.4545,0.4501,0.4713,0.4648,28240057,13108748.67,757
FP,2012-01-30,0.468,0.4595,0.4727,0.4661,29693147,13796736.68,574
FP,2012-01-31,0.4732,0.4689,0.4827,0.4827,46701360,22248815,842
FP,2012-02-01,0.485,0.4832,0.4903,0.486,43545009,21171663.15,901
FP,2012-02-02,0.4907,0.486,0.4945,0.4926,43219579,21187989.85,824
FP,2012-02-03,0.4945,0.4888,0.5064,0.4936,51628737,25672613.8,1056
FP,2012-02-06,0.5012,0.4817,0.5012,0.4926,49782343,24388301.7,855
FP,2012-02-07,0.4926,0.4879,0.4926,0.4922,5114107,2514804.1,256
FP,2012-02-08,0.4936,0.4907,0.4988,0.4926,61708643,30570428.45,474
FP,2012-02-09,0.4926,0.4917,0.4959,0.4959,12418088,6137150.2,367
FP,2012-02-10,0.5021,0.4917,0.5021,0.4917,35396259,17555740.65,596
FP,2012-02-13,0.4926,0.4926,0.4993,0.4983,7644507,3799285.2,223
FP,2012-02-14,0.4993,0.4955,0.503,0.4988,13271935,6655210.65,429
FP,2012-02-15,0.5016,0.4955,0.504,0.4964,9803454,4899966.9,355
FP,2012-02-16,0.4931,0.4917,0.5087,0.5021,54398434,27294128.5,874
FP,2012-02-17,0.5092,0.5002,0.5092,0.5049,13193928,6664087.6,417
FP,2012-02-20,0.5026,0.5026,0.5102,0.504,16538697,8397340.4,396
FP,2012-02-21,0.5068,0.5007,0.5068,0.5059,11135788,5613270.25,239
FP,2012-02-22,0.5059,0.5049,0.5168,0.5125,30411670,15560865.15,626
FP,2012-02-23,0.512,0.5116,0.5329,0.5305,37501267,19618007.05,919
FP,2012-02-24,0.5305,0.5286,0.5381,0.5357,30923936,16450345.45,683
FP,2012-02-27,0.5305,0.5196,0.5343,0.521,27921804,14703848.1,803
FP,2012-02-28,0.5234,0.5234,0.5329,0.5315,12872720,6829162.45,367
FP,2012-02-29,0.5329,0.5319,0.5589,0.5589,36205033,19844183.75,1004
FP,2012-03-01,0.558,0.5514,0.5713,0.5698,58675794,33340412.3,1170
FP,2012-03-02,0.5713,0.5623,0.5817,0.5732,42225342,24233349.9,1098
FP,2012-03-05,0.5689,0.5627,0.5722,0.5637,9809471,5551411.55,531
FP,2012-03-06,0.5637,0.5613,0.5684,0.5675,42842003,24248751.35,547
FP,2012-03-07,0.5684,0.5518,0.5694,0.5533,43784623,24437685.25,886
FP,2012-03-08,0.5589,0.558,0.5637,0.5594,24032469,13449931.45,413
FP,2012-03-09,0.5589,0.5518,0.5637,0.5518,28038021,15637288.6,652
FP,2012-03-12,0.5518,0.5305,0.5518,0.5305,40907469,21966636.25,1245
FP,2012-03-13,0.5315,0.5305,0.5447,0.54,22269570,12011318.3,465
FP,2012-03-14,0.5466,0.54,0.5537,0.5457,39468840,21629108.25,545
FP,2012-03-15,0.548,0.5438,0.5537,0.5528,13825473,7610845.9,290
FP,2012-03-16,0.5589,0.5561,0.5637,0.5561,34331511,19176203.8,327
FP,2012-03-19,0.5589,0.5457,0.5589,0.5509,19274827,10601980.65,329
FP,2012-03-20,0.5495,0.5476,0.5504,0.5495,9939516,5460546.35,189
FP,2012-03-21,0.5495,0.5485,0.5509,0.5495,10112629,5556407.8,171
FP,2012-03-22,0.5495,0.5457,0.5495,0.548,5468988,2997075.35,169
FP,2012-03-23,0.5447,0.5443,0.5495,0.5495,11650904,6361501.75,213
FP,2012-03-26,0.5495,0.5462,0.5637,0.5589,10429404,5813855.35,272
FP,2012-03-27,0.5608,0.5542,0.5656,0.5589,12516572,7008623.05,265
FP,2012-03-28,0.5589,0.5561,0.5599,0.5589,8781350,4904415.35,177
FP,2012-03-29,0.5566,0.5566,0.5589,0.558,15040217,8397755.35,222
FP,2012-03-30,0.5589,0.5552,0.5632,0.5627,19158926,10723753.95,286
FP,2012-04-02,0.5627,0.5599,0.5675,0.5656,5251858,2960266.15,185
FP,2012-04-03,0.5656,0.5599,0.5656,0.5618,2381777,1338148,111
FP,2012-04-05,0.5632,0.5514,0.5632,0.5523,7976482,4428420.35,249
FP,2012-04-06,0.5495,0.5457,0.5504,0.549,3945068,2160017.2,210
FP,2012-04-09,0.5471,0.5419,0.5485,0.5443,4252343,2315596,197
FP,2012-04-10,0.5443,0.5381,0.5447,0.5414,8578471,4636903.05,291
FP,2012-04-11,0.54,0.5334,0.54,0.5362,6389968,3423135,284
FP,2012-04-12,0.5353,0.5353,0.54,0.5362,8281012,4440163.75,260
FP,2012-04-13,0.5381,0.5357,0.5395,0.5362,3171234,1702644.85,132
FP,2012-04-17,0.5353,0.531,0.5362,0.5334,5348125,2850000.75,362
FP,2012-04-18,0.5334,0.531,0.5362,0.5329,5005806,2667332.05,239
FP,2012-04-19,0.5315,0.521,0.5315,0.5225,12820786,6749835.35,572
FP,2012-04-20,0.521,0.5182,0.5225,0.521,10045495,5225326.3,351
FP,2012-04-23,0.521,0.5073,0.521,0.5073,15234547,7841088.75,448
FP,2012-04-24,0.5073,0.503,0.5168,0.5116,13906751,7099088.3,366
FP,2012-04-26,0.5225,0.5225,0.5405,0.5324,19274510,10260385.85,597
FP,2012-04-27,0.5362,0.5187,0.5381,0.53,19454484,10248630.4,561
FP,2012-04-30,0.5258,0.5215,0.5291,0.5291,8022927,4217762.25,281
FP,2012-05-02,0.5296,0.5225,0.5353,0.5225,43504053,22853311.5,479
FP,2012-05-03,0.5229,0.5229,0.5291,0.5291,3432169,1806951.6,142
FP,2012-05-04,0.5277,0.5229,0.5291,0.5277,5640517,2968297.3,201
FP,2012-05-07,0.521,0.5163,0.5286,0.5253,14419439,7579848.6,388
FP,2012-05-08,0.5248,0.5248,0.5324,0.5267,9750464,5169852.45,316
FP,2012-05-09,0.53,0.5258,0.53,0.5258,30404070,16004929.35,485
FP,2012-05-10,0.4993,0.4813,0.4993,0.4888,36248206,17682357.2,939
FP,2012-05-11,0.4879,0.4832,0.4879,0.4855,15768029,7676655.55,293
FP,2012-05-14,0.4832,0.4633,0.4832,0.4633,25696462,12098198.41,629
FP,2012-05-15,0.4599,0.4481,0.468,0.4603,30132157,13681512.25,844
FP,2012-05-16,0.4472,0.4453,0.4642,0.4633,10743223,4873581.47,406
FP,2012-05-17,0.4642,0.4642,0.4779,0.4727,14245693,6728112.84,300
FP,2012-05-18,0.4726,0.4595,0.4726,0.466,16566247,7739592.38,212
FP,2012-05-21,0.4661,0.4642,0.4746,0.4642,16360307,7677418.9,327
FP,2012-05-22,0.4713,0.4689,0.4756,0.4727,8182001,3868461.23,225
FP,2012-05-23,0.4689,0.4642,0.469,0.4642,7336599,3419137.23,217
FP,2012-05-24,0.4644,0.4571,0.4644,0.4586,15460754,7108406.81,251
FP,2012-05-25,0.4604,0.4562,0.4669,0.4642,4510007,2096235.92,184
FP,2012-05-28,0.4642,0.4614,0.4699,0.4618,2364888,1102531.58,168
FP,2012-05-29,0.4642,0.4642,0.4689,0.4654,5502554,2568028.56,146
FP,2012-05-30,0.4643,0.4614,0.466,0.4614,4958094,2296644.63,163
FP,2012-05-31,0.4598,0.4591,0.4661,0.4661,14875866,6910997.87,181
FP,2012-06-01,0.4652,0.4571,0.4652,0.4571,12693379,5830192.87,268
FP,2012-06-05,0.4585,0.45,0.4585,0.4546,15846774,7171764.2,314
FP,2012-06-06,0.4546,0.4546,0.4585,0.4571,15706279,7179021.61,196
FP,2012-06-07,0.4604,0.4585,0.4623,0.4604,8894401,4089550.56,228
FP,2012-06-08,0.4595,0.4519,0.4595,0.4538,4860877,2210132.54,163
FP,2012-06-11,0.4576,0.4576,0.4633,0.4631,19306705,8924678.96,191
FP,2012-06-12,0.4595,0.4557,0.4609,0.4566,12589934,5757946.34,210
FP,2012-06-13,0.4566,0.4519,0.4594,0.4519,13124894,5980858.72,159
FP,2012-06-14,0.4547,0.4519,0.4557,0.4547,9482351,4311012.9,118
FP,2012-06-15,0.4557,0.4538,0.4595,0.4595,13930290,6340863.95,208
FP,2012-06-18,0.4661,0.4595,0.4689,0.4623,15345064,7119853.75,274
FP,2012-06-19,0.45,0.4348,0.4519,0.4386,45972070,20240396.78,1195
FP,2012-06-20,0.4386,0.4282,0.445,0.4367,13318485,5799098.87,377
FP,2012-06-21,0.4358,0.431,0.4358,0.4333,9846204,4254491.17,212
FP,2012-06-22,0.4273,0.4225,0.431,0.4263,22471394,9577403.77,416
FP,2012-06-25,0.4281,0.4197,0.4281,0.4197,9888532,4161994.31,294
FP,2012-06-26,0.4197,0.412,0.4197,0.4168,21042159,8736997.69,471
FP,2012-06-28,0.4254,0.4189,0.4296,0.4216,16289900,6866997.03,294
FP,2012-06-29,0.4274,0.4274,0.4348,0.4325,33058922,14274927.17,438
FP,2012-07-02,0.4358,0.4358,0.4526,0.4524,35122234,15632902.08,516
FP,2012-07-03,0.4547,0.4538,0.4566,0.4552,19017375,8648436.11,346
FP,2012-07-04,0.4531,0.4348,0.4538,0.4348,22882853,10019427.42,612
FP,2012-07-05,0.4311,0.4311,0.4443,0.4367,7249514,3169373.55,242
FP,2012-07-06,0.4401,0.4358,0.4401,0.4358,3765411,1642322.59,149
FP,2012-07-09,0.4358,0.4339,0.4425,0.4405,41222133,18098117.27,460
FP,2012-07-10,0.4441,0.4405,0.4462,0.4434,17165808,7627118.51,330
FP,2012-07-11,0.4453,0.4386,0.4453,0.4443,11526875,5112340.81,165
FP,2012-07-12,0.4434,0.4386,0.4462,0.4462,8054172,3567794.29,129
FP,2012-07-13,0.4466,0.4453,0.449,0.4463,10772146,4820883.7,185
FP,2012-07-16,0.4472,0.4453,0.4528,0.449,14125887,6350616.27,244
FP,2012-07-17,0.4474,0.4474,0.4528,0.4528,3235834,1460072.15,126
FP,2012-07-18,0.4528,0.4505,0.4562,0.4528,5564622,2526132.66,215
FP,2012-07-19,0.4558,0.4529,0.459,0.4547,4479923,2038748.64,148
FP,2012-07-20,0.4529,0.4495,0.4546,0.45,1152888,520049.08,174
FP,2012-07-23,0.4524,0.4387,0.4524,0.4427,15788929,6984972.64,400
FP,2012-07-24,0.4405,0.44,0.4481,0.4424,5012667,2217697.02,201
FP,2012-07-25,0.4407,0.4407,0.4514,0.4514,22858048,10274019.74,198
FP,2012-07-26,0.4514,0.4495,0.4556,0.4547,5913697,2685746.59,191
FP,2012-07-27,0.4557,0.4557,0.4623,0.4618,15534221,7154182.79,470
FP,2012-07-30,0.4614,0.4585,0.4699,0.4695,6941606,3228608.28,263
FP,2012-07-31,0.4691,0.4691,0.4836,0.4822,12659074,6061885.44,522
FP,2012-08-01,0.4855,0.485,0.4955,0.495,23005088,11337421.1,478
FP,2012-08-02,0.4955,0.4907,0.5002,0.4926,14260788,7036589.15,420
FP,2012-08-03,0.4888,0.4832,0.4974,0.495,19148265,9462730.55,255
FP,2012-08-06,0.4964,0.4964,0.5021,0.4974,5374409,2684252.55,211
FP,2012-08-07,0.4974,0.4888,0.4993,0.4912,2983238,1472716.2,236
FP,2012-08-08,0.4912,0.4874,0.4926,0.4884,4622741,2260856.6,197
FP,2012-08-09,0.4888,0.4817,0.4922,0.4841,4456701,2165967.75,267
FP,2012-08-10,0.4832,0.4765,0.4874,0.4874,4202837,2020094,257
FP,2012-08-13,0.4869,0.4832,0.4993,0.4974,16952584,8375079.85,325
FP,2012-08-14,0.4974,0.4926,0.5049,0.5002,4521935,2257013.75,185
FP,2012-08-16,0.5016,0.4964,0.5026,0.5002,17035551,8531513.85,325
FP,2012-08-17,0.5002,0.5002,0.504,0.5035,16018726,8051254.1,229
FP,2012-08-20,0.504,0.5021,0.5064,0.503,7691479,3871249.1,281
FP,2012-08-21,0.5021,0.5021,0.5083,0.5068,20080856,10141457.3,335
FP,2012-08-22,0.5068,0.5012,0.5068,0.503,7477305,3754343.8,192
FP,2012-08-23,0.5064,0.5021,0.5064,0.504,10364170,5226322.9,150
FP,2012-08-24,0.5054,0.4926,0.5059,0.4945,4600996,2279082.4,272
FP,2012-08-27,0.4936,0.4893,0.4974,0.4936,3743878,1840829.4,255
FP,2012-08-28,0.4917,0.4917,0.4955,0.4926,4324544,2130908.05,109
FP,2012-08-29,0.4936,0.4926,0.4974,0.4945,14875549,7331644.7,144
FP,2012-08-30,0.4945,0.4926,0.4974,0.4936,5584361,2760404.15,152
FP,2012-08-31,0.4945,0.4926,0.4993,0.4993,8658377,4303741.15,192
FP,2012-09-03,0.4993,0.4993,0.5026,0.5026,7178053,3602139,179
FP,2012-09-04,0.5049,0.4978,0.5049,0.4997,6521808,3265053.25,156
FP,2012-09-05,0.5021,0.4983,0.5021,0.4983,3218840,1608561.3,138
FP,2012-09-06,0.4983,0.4959,0.5016,0.5016,7817725,3906723.7,216
FP,2012-09-07,0.5026,0.5026,0.5064,0.504,17657701,8896984.8,447
FP,2012-09-10,0.5049,0.5021,0.5064,0.5049,5773201,2910451.3,247
FP,2012-09-11,0.5068,0.5021,0.5068,0.5026,5898497,2965953.35,156
FP,2012-09-12,0.5045,0.5021,0.5083,0.5035,8207229,4146199.9,306
FP,2012-09-13,0.5035,0.5021,0.504,0.504,9111531,4583314.7,206
FP,2012-09-14,0.5092,0.5068,0.5144,0.5068,29581574,15134997.1,729
FP,2012-09-17,0.5068,0.503,0.5106,0.5092,8617738,4367665.05,252
FP,2012-09-18,0.5097,0.5064,0.5116,0.5116,10670917,5419146.8,254
FP,2012-09-19,0.5106,0.5073,0.5116,0.5116,8180523,4170523.2,214
FP,2012-09-20,0.5116,0.5083,0.5125,0.5116,2975110,1521060.95,131
FP,2012-09-21,0.5125,0.5102,0.5139,0.5116,4937933,2528247.45,198
FP,2012-09-24,0.5116,0.4988,0.5116,0.4988,2924865,1472613,304
FP,2012-09-25,0.4988,0.4988,0.5026,0.5026,7394444,3711066.6,184
FP,2012-09-26,0.4988,0.4912,0.4988,0.4926,20311814,10014292.35,516
FP,2012-09-27,0.4959,0.4959,0.4983,0.4974,6102854,3033437.65,179
FP,2012-09-28,0.5002,0.4988,0.5007,0.5002,10581722,5285330.75,273
FP,2012-10-01,0.4974,0.494,0.4983,0.4983,2073024,1029487.3,169
FP,2012-10-02,0.4997,0.4974,0.513,0.5002,21962295,11001774.55,335
FP,2012-10-03,0.4978,0.4974,0.5012,0.4997,6665154,3324591.85,129
FP,2012-10-04,0.5007,0.4978,0.5007,0.4978,2488494,1241298.7,88
FP,2012-10-05,0.4983,0.4974,0.5007,0.4988,6073087,3029652.4,129
FP,2012-10-08,0.4983,0.495,0.4983,0.4974,4184893,2080557.35,106
FP,2012-10-09,0.4974,0.4964,0.4983,0.4974,6478424,3222245.7,103
FP,2012-10-10,0.4974,0.4964,0.4983,0.4974,1318084,655627.4,40
FP,2012-10-11,0.4884,0.4756,0.4907,0.4808,18110117,8696684.35,886
FP,2012-10-12,0.4808,0.4784,0.4869,0.4832,6502491,3142286.45,343
FP,2012-10-15,0.4836,0.4832,0.4888,0.4855,7269676,3528267.05,264
FP,2012-10-16,0.4855,0.4855,0.4945,0.4945,7024362,3438490.9,345
FP,2012-10-17,0.4945,0.4945,0.5068,0.5021,20782701,10421389.4,505
FP,2012-10-18,0.5026,0.5002,0.5035,0.5021,7355599,3693857.1,249
FP,2012-10-19,0.504,0.4964,0.5054,0.4993,12977960,6513248.3,227
FP,2012-10-22,0.4993,0.495,0.4993,0.4988,8103678,4026734.7,177
FP,2012-10-23,0.4959,0.4945,0.4978,0.4974,6026115,2994991.95,201
FP,2012-10-24,0.4974,0.4964,0.4988,0.4983,4874916,2424677.15,125
FP,2012-10-25,0.4974,0.4974,0.5012,0.5002,2043679,1021404.1,93
FP,2012-10-26,0.5002,0.4974,0.5049,0.5049,5737312,2874611.15,166
FP,2012-10-29,0.5021,0.5012,0.5059,0.5049,12510133,6293473.1,207
FP,2012-10-30,0.5045,0.5021,0.5073,0.5064,6281984,3175324.45,152
FP,2012-10-31,0.5068,0.5068,0.512,0.5116,12350004,6304728.2,371
FP,2012-11-01,0.5116,0.5106,0.5125,0.5125,2305037,1179730.3,122
FP,2012-11-02,0.513,0.5116,0.5158,0.5125,16659243,8555793.7,217
FP,2012-11-05,0.5106,0.5078,0.5111,0.5087,2190086,1115121.9,176
FP,2012-11-06,0.5078,0.5078,0.5097,0.5092,2401094,1222960.55,131
FP,2012-11-07,0.5106,0.5059,0.5144,0.5068,3965230,2027859.8,160
FP,2012-11-08,0.5049,0.5021,0.5087,0.5021,11239339,5659583.15,218
FP,2012-11-09,0.5021,0.5007,0.5092,0.5092,3953302,1999286.3,148
FP,2012-11-12,0.5097,0.504,0.5097,0.5054,4402022,2224828,88
FP,2012-11-13,0.5049,0.5021,0.5064,0.5021,6870672,3453705.95,191
FP,2012-11-14,0.5021,0.4997,0.5092,0.5087,9183732,4618897,226
FP,2012-11-15,0.5068,0.4997,0.5068,0.5021,2932993,1475393.75,137
FP,2012-11-16,0.4993,0.4988,0.5068,0.5064,9551702,4816428.1,134
FP,2012-11-19,0.5068,0.5021,0.5097,0.5064,3422669,1727220.9,189
FP,2012-11-20,0.5064,0.5021,0.5064,0.5049,7867548,3960031.85,165
FP,2012-11-21,0.5068,0.504,0.5068,0.5049,3200473,1616042.75,93
FP,2012-11-22,0.5059,0.504,0.5059,0.5059,2353065,1187555.6,90
FP,2012-11-23,0.5045,0.5045,0.5064,0.5045,641467,323965.25,26
FP,2012-11-26,0.5064,0.5012,0.5064,0.5064,8806367,4430425.55,211
FP,2012-11-27,0.5064,0.5016,0.5064,0.5064,3084783,1556434.5,166
FP,2012-11-28,0.5049,0.5016,0.5049,0.5021,3813439,1917936.8,96
FP,2012-11-29,0.5021,0.5021,0.5102,0.5087,23096711,11748922.45,228
FP,2012-12-03,0.5111,0.5068,0.512,0.512,9115753,4657261.7,367
FP,2012-12-04,0.512,0.5078,0.5125,0.5092,8194351,4189298.95,148
FP,2012-12-05,0.5116,0.5068,0.5125,0.5125,5108934,2608690.9,191
FP,2012-12-06,0.5135,0.5111,0.5144,0.5135,11784538,6046580,213
FP,2012-12-07,0.5135,0.5087,0.5135,0.5116,2467383,1261457.9,127
FP,2012-12-10,0.5116,0.5097,0.512,0.5097,10004433,5109306.35,156
FP,2012-12-11,0.512,0.5092,0.512,0.5097,10597555,5401021.95,167
FP,2012-12-12,0.5106,0.5092,0.5154,0.5116,13515981,6918773.45,302
FP,2012-12-13,0.512,0.5083,0.5144,0.5111,4597091,2344459.1,234
FP,2012-12-14,0.5116,0.5083,0.5116,0.5087,8295790,4222556.95,224
FP,2012-12-17,0.5111,0.5068,0.5111,0.5097,10897969,5550722.25,212
FP,2012-12-18,0.5087,0.5068,0.5111,0.5111,22983027,11707151.55,191
FP,2012-12-19,0.5111,0.5106,0.5135,0.5116,5678834,2906877.15,169
FP,2012-12-20,0.5116,0.5068,0.5144,0.5116,7150291,3659641.3,187
FP,2012-12-21,0.5116,0.5116,0.5168,0.5163,16150777,8329651.25,180
FP,2012-12-27,0.5168,0.5149,0.5196,0.5196,5351714,2769921.45,284
FP,2012-12-28,0.5196,0.5187,0.521,0.5206,5713034,2971021.1,271
FP,2013-01-03,0.522,0.522,0.5405,0.5405,17671424,9463452.5,703
FP,2013-01-04,0.5495,0.5457,0.5599,0.5589,45304847,25072413.4,943
FP,2013-01-07,0.5589,0.5499,0.5599,0.5542,13668405,7575708.6,542
FP,2013-01-08,0.5537,0.5504,0.5575,0.5518,5499810,3038979.15,285
FP,2013-01-09,0.5528,0.5504,0.5575,0.5504,6610053,3664119.55,373
FP,2013-01-10,0.5542,0.5499,0.5556,0.5504,11624831,6421307.25,318
FP,2013-01-11,0.5504,0.5504,0.5556,0.5533,19322538,10692850.9,309
FP,2013-01-14,0.5547,0.5542,0.5589,0.5585,8575304,4774597.3,345
FP,2013-01-15,0.5585,0.5561,0.5651,0.5646,18905379,10608226.9,538
FP,2013-01-16,0.5646,0.5599,0.566,0.566,11520014,6505253.5,287
FP,2013-01-17,0.566,0.5637,0.5675,0.5646,5282891,2986672,243
FP,2013-01-18,0.5646,0.5627,0.5675,0.5665,8902951,5034252.25,222
FP,2013-01-21,0.5665,0.5627,0.5684,0.5646,9871854,5595624.95,293
FP,2013-01-22,0.5637,0.5561,0.5675,0.5618,14924210,8339928.9,343
FP,2013-01-23,0.5608,0.557,0.5656,0.5656,2087485,1173507.25,114
FP,2013-01-24,0.5656,0.5594,0.566,0.5646,4553813,2566108.4,154
FP,2013-01-25,0.5651,0.5637,0.5665,0.566,15120862,8556317.25,208
FP,2013-01-28,0.5656,0.5637,0.5665,0.566,2153247,1218074.4,142
FP,2013-01-29,0.566,0.566,0.5684,0.5679,12998543,7373053,204
FP,2013-01-30,0.5684,0.5651,0.5708,0.5651,24961050,14190001.2,458
FP,2013-01-31,0.5651,0.5632,0.5684,0.5675,6837105,3871986.75,193
FP,2013-02-01,0.567,0.5651,0.5684,0.5679,10997931,6242107.3,121
FP,2013-02-04,0.5679,0.567,0.5684,0.5679,7275270,4132562.15,187
FP,2013-02-05,0.566,0.5646,0.5675,0.5665,8572243,4854504.85,140
FP,2013-02-06,0.5665,0.5642,0.5675,0.5642,14070997,7962549.2,198
FP,2013-02-07,0.566,0.5618,0.5675,0.5618,11163338,6311328.85,195
FP,2013-02-08,0.5627,0.5533,0.5627,0.5566,4362228,2430776.1,451
FP,2013-02-11,0.558,0.5566,0.5604,0.5566,1992801,1113134.8,109
FP,2013-02-12,0.5566,0.5452,0.5575,0.5452,5940297,3260879.15,577
FP,2013-02-13,0.5457,0.5457,0.5518,0.5476,2679868,1467935.65,123
FP,2013-02-14,0.5466,0.5447,0.5485,0.5447,2618857,1432425.7,187
FP,2013-02-15,0.5452,0.5447,0.5495,0.5495,16525925,9027021.65,216
FP,2013-02-18,0.5495,0.5424,0.5495,0.5424,4162304,2269242.55,257
FP,2013-02-19,0.5438,0.5428,0.5504,0.5504,3514081,1924542.1,185
FP,2013-02-20,0.5533,0.5495,0.5533,0.5495,5781012,3178133.4,151
FP,2013-02-21,0.5485,0.5433,0.5495,0.5476,5202774,2836145.8,200
FP,2013-02-22,0.5518,0.5471,0.5518,0.5504,15996137,8791912.65,215
FP,2013-02-25,0.5514,0.5509,0.557,0.5542,15048450,8339374.25,167
FP,2013-02-26,0.5514,0.5466,0.5523,0.5495,9424400,5177444.3,191
FP,2013-02-27,0.5533,0.5495,0.558,0.557,6552208,3638502.15,181
FP,2013-02-28,0.558,0.558,0.5651,0.5651,15674717,8790705.05,288
FP,2013-03-01,0.5637,0.5608,0.5651,0.5627,7206131,4049949.05,143
FP,2013-03-04,0.5623,0.5589,0.5637,0.5627,6808711,3827638.75,185
FP,2013-03-05,0.5632,0.5632,0.5698,0.5689,28083200,15957209.45,423
FP,2013-03-06,0.5779,0.5779,0.5893,0.5874,32293320,18873381.25,760
FP,2013-03-07,0.5874,0.5826,0.5874,0.5874,11155738,6524235.95,326
FP,2013-03-08,0.5855,0.585,0.6006,0.5992,24850532,14691726,565
FP,2013-03-11,0.5997,0.5935,0.5997,0.5954,7648201,4546756.65,220
FP,2013-03-12,0.5964,0.594,0.5987,0.5987,5387392,3208103.7,190
FP,2013-03-13,0.6006,0.5968,0.603,0.603,10192429,6119292,230
FP,2013-03-14,0.603,0.5954,0.6063,0.5954,7721141,4653359.15,365
FP,2013-03-15,0.594,0.5907,0.5992,0.5973,14307655,8532598,220
FP,2013-03-18,0.5883,0.5855,0.5992,0.5973,10694245,6333887.9,396
FP,2013-03-19,0.594,0.593,0.5968,0.5968,2849920,1696005.05,171
FP,2013-03-20,0.5968,0.5888,0.5978,0.5935,20891636,12379011.25,293
FP,2013-03-21,0.5954,0.5893,0.5954,0.5916,3034644,1793766.85,178
FP,2013-03-22,0.5878,0.5845,0.5902,0.5902,7191669,4226264.15,299
FP,2013-03-25,0.5897,0.5874,0.5921,0.5902,6853889,4042565.85,220
FP,2013-03-26,0.5897,0.5883,0.5978,0.5978,10810463,6416501.1,329
FP,2013-03-27,0.5992,0.5959,0.6016,0.5968,18713794,11193529.9,424
FP,2013-03-28,0.5968,0.5968,0.6073,0.6039,45633339,27622163.15,414
FP,2013-03-29,0.6063,0.5983,0.6073,0.5983,2971943,1786428.35,153
FP,2013-04-01,0.5987,0.594,0.6063,0.6063,2945237,1773356.1,187
FP,2013-04-02,0.6063,0.6016,0.6063,0.603,5498121,3314372.25,143
FP,2013-04-03,0.602,0.6011,0.6082,0.6063,9738009,5901677.35,193
FP,2013-04-04,0.6063,0.6049,0.6082,0.6082,8346669,5062109.35,166
FP,2013-04-05,0.6063,0.6016,0.6082,0.6035,11905084,7197068.05,153
FP,2013-04-08,0.5983,0.5983,0.6073,0.6063,6984145,4229720.65,166
FP,2013-04-09,0.6063,0.6016,0.6073,0.6073,5830835,3532890.75,175
FP,2013-04-10,0.6068,0.6063,0.6073,0.6063,5860391,3554116.6,86
FP,2013-04-11,0.6073,0.6073,0.6172,0.6167,23693316,14575176.3,476
FP,2013-04-12,0.6167,0.6167,0.6376,0.6347,31705476,20044975.6,669
FP,2013-04-15,0.6357,0.6205,0.6362,0.6215,8985919,5639767.1,404
FP,2013-04-16,0.621,0.6182,0.6286,0.6257,13169017,8235930.2,237
FP,2013-04-17,0.6343,0.6248,0.6343,0.6305,8622066,5416809.45,222
FP,2013-04-18,0.6257,0.6248,0.6338,0.6253,9924105,6240914.2,308
FP,2013-04-19,0.63,0.6253,0.63,0.6253,17616323,11024446.8,179
FP,2013-04-22,0.6262,0.6248,0.6262,0.6253,8366830,5232297.2,154
FP,2013-04-23,0.6248,0.6219,0.6257,0.6238,9679847,6033463.9,263
FP,2013-04-24,0.6243,0.6243,0.63,0.6253,12367632,7752917.4,175
FP,2013-04-25,0.6253,0.6253,0.6276,0.6253,6841750,4278668.55,75
FP,2013-04-26,0.6253,0.6248,0.6281,0.6253,4455856,2786254.1,151
FP,2013-04-29,0.6253,0.6253,0.6309,0.6281,16136632,10144271,209
FP,2013-04-30,0.6281,0.6243,0.6286,0.6253,14163043,8855870.75,250
FP,2013-05-02,0.6272,0.6248,0.6272,0.6253,16730704,10461175.05,161
FP,2013-05-03,0.6248,0.6229,0.6257,0.6253,8144739,5092051.35,120
FP,2013-05-07,0.6253,0.6224,0.6262,0.6257,19172437,11987634.75,358
FP,2013-05-08,0.6238,0.6238,0.6281,0.6276,12080730,7581223.95,243
FP,2013-05-09,0.6257,0.6257,0.6281,0.6276,16341623,10249170.6,230
FP,2013-05-10,0.6276,0.6253,0.6281,0.6262,12211831,7654963.85,375
FP,2013-05-13,0.5916,0.5916,0.6087,0.6082,31907617,19280465.95,613
FP,2013-05-14,0.6063,0.6044,0.6153,0.6044,19655569,11914828.85,463
FP,2013-05-15,0.6158,0.6144,0.6276,0.6253,33728361,20800207.6,496
FP,2013-05-16,0.6272,0.6272,0.6371,0.63,13999008,8851301.3,352
FP,2013-05-17,0.63,0.6163,0.63,0.6253,10982309,6867137.35,283
FP,2013-05-20,0.6338,0.6191,0.6338,0.6253,4581046,2856387.75,166
FP,2013-05-21,0.6253,0.6158,0.6253,0.6158,15580877,9630655.15,206
FP,2013-05-22,0.6219,0.6163,0.6267,0.6257,11654070,7268528.85,239
FP,2013-05-23,0.6158,0.6158,0.6219,0.6205,7176153,4441297.7,220
FP,2013-05-24,0.6186,0.6186,0.6257,0.6248,3359969,2099916.8,101
FP,2013-05-27,0.6253,0.6224,0.6267,0.6224,3095128,1934329.75,193
FP,2013-05-28,0.6253,0.6224,0.6262,0.6224,5496854,3434456.4,223
FP,2013-05-29,0.6224,0.6224,0.6281,0.6276,5011611,3135616.35,126
FP,2013-05-30,0.6253,0.6196,0.6276,0.6219,14567218,9065858.95,263
FP,2013-05-31,0.6253,0.6205,0.6253,0.6215,7623607,4745092.25,132
FP,2013-06-03,0.6253,0.6186,0.6253,0.6196,10598716,6567682.2,124
FP,2013-06-04,0.6234,0.6182,0.6253,0.6224,6124704,3820447.55,156
FP,2013-06-05,0.621,0.6158,0.6229,0.6196,12914731,8009608.9,181
FP,2013-06-06,0.6191,0.6092,0.6196,0.6092,17837570,11019469.5,214
FP,2013-06-07,0.6106,0.6016,0.6106,0.6016,9134859,5507968.05,483
FP,2013-06-10,0.6058,0.6054,0.611,0.6058,20291758,12300019.9,217
FP,2013-06-11,0.6082,0.6025,0.6082,0.6035,19885999,12010820.6,178
FP,2013-06-12,0.6063,0.6016,0.6063,0.6063,9393895,5674114.4,178
FP,2013-06-13,0.6044,0.6016,0.6096,0.6063,14602896,8851101.3,154
FP,2013-06-14,0.6082,0.6016,0.6092,0.6016,85064073,51186514.95,133
FP,2013-06-17,0.6068,0.6025,0.6153,0.6129,11948467,7289441.55,109
FP,2013-06-18,0.6092,0.6092,0.6167,0.6139,7217320,4442168.3,153
FP,2013-06-19,0.6139,0.6115,0.6167,0.6134,4529851,2780105.1,116
FP,2013-06-20,0.6115,0.5968,0.6134,0.6016,10134057,6094013.6,356
FP,2013-06-21,0.5978,0.5921,0.6054,0.5926,9143831,5451081.75,326
FP,2013-06-25,0.5921,0.5845,0.5964,0.5893,9951338,5860150.75,263
FP,2013-06-26,0.5949,0.5874,0.5949,0.5874,4906371,2895503.85,182
FP,2013-06-27,0.593,0.5921,0.6016,0.5968,6769127,4044698.75,132
FP,2013-06-28,0.5968,0.5869,0.5968,0.5869,7634373,4497483.15,243
FP,2013-07-01,0.5874,0.5845,0.5949,0.5855,5246791,3083706.2,171
FP,2013-07-02,0.5874,0.576,0.5926,0.5784,15625422,9109846.4,267
FP,2013-07-03,0.5784,0.5717,0.5793,0.5746,14847788,8537396.55,279
FP,2013-07-04,0.5769,0.5741,0.5807,0.5803,11469241,6626776.1,146
FP,2013-07-05,0.5826,0.5812,0.5893,0.5888,11531941,6760542,206
FP,2013-07-08,0.5888,0.5888,0.5964,0.5949,15925308,9473322.55,184
FP,2013-07-09,0.593,0.593,0.6096,0.6039,16107499,9722513.95,324
FP,2013-07-10,0.611,0.6068,0.6115,0.6092,15932908,9724456.4,195
FP,2013-07-11,0.611,0.594,0.612,0.6039,6005214,3606430.3,238
FP,2013-07-12,0.6092,0.6006,0.6101,0.6068,11863600,7186854.85,153
FP,2013-07-15,0.6035,0.6035,0.6115,0.6063,11342256,6917842.85,153
FP,2013-07-16,0.6101,0.5997,0.6101,0.5997,5991387,3617902.9,113
FP,2013-07-17,0.6002,0.5997,0.6044,0.6002,18525376,11118562.55,159
FP,2013-07-18,0.6054,0.5987,0.6063,0.6063,10455582,6319494.8,102
FP,2013-07-19,0.6063,0.6063,0.6115,0.6106,7938798,4848209.8,141
FP,2013-07-22,0.6063,0.6063,0.612,0.6087,3458031,2105200.85,81
FP,2013-07-23,0.611,0.611,0.6144,0.6129,11520541,7060433.75,165
FP,2013-07-24,0.6073,0.6073,0.6139,0.6139,8924168,5459153.6,120
FP,2013-07-25,0.611,0.6106,0.6139,0.612,4464195,2733635.55,88
FP,2013-07-26,0.611,0.6096,0.6139,0.6134,4907110,3002948.05,87
FP,2013-07-29,0.6073,0.6073,0.6139,0.6129,10986742,6730997.2,71
FP,2013-07-30,0.6129,0.6129,0.6158,0.6134,8998797,5531377.3,121
FP,2013-07-31,0.6134,0.6134,0.6153,0.6153,5581616,3430920.65,85
FP,2013-08-01,0.6158,0.6148,0.6177,0.6167,15782279,9720363.55,172
FP,2013-08-02,0.6182,0.6177,0.6253,0.6243,15518599,9664561.55,282
FP,2013-08-05,0.6253,0.6234,0.6276,0.6272,4951761,3100421.9,153
FP,2013-08-06,0.6267,0.6267,0.6376,0.6366,17084741,10814046.8,343
FP,2013-08-07,0.6366,0.6352,0.6452,0.6442,17935421,11523417.75,397
FP,2013-08-08,0.6452,0.6452,0.6546,0.6518,23345613,15245104.35,404
FP,2013-08-09,0.6537,0.6385,0.6546,0.6442,10965103,7087362.5,374
FP,2013-08-12,0.6508,0.6447,0.6603,0.6584,14693992,9607839.65,326
FP,2013-08-13,0.6589,0.6584,0.6632,0.6632,18382875,12174568.65,404
FP,2013-08-14,0.6632,0.6603,0.6707,0.6698,10978614,7332890.95,335
FP,2013-08-16,0.666,0.6603,0.6726,0.6679,20315825,13584348.4,406
FP,2013-08-19,0.6707,0.6688,0.6717,0.6693,9691142,6492942.3,257
FP,2013-08-20,0.6688,0.6608,0.6688,0.6646,19682064,13060702.4,299
FP,2013-08-21,0.665,0.6598,0.665,0.6613,5085923,3362458.35,189
FP,2013-08-22,0.6627,0.6613,0.665,0.6632,15050456,9993589.6,266
FP,2013-08-23,0.6669,0.6632,0.6669,0.666,7524700,5002510.95,179
FP,2013-08-26,0.6636,0.6636,0.666,0.6655,9183309,6108185.65,199
FP,2013-08-27,0.6646,0.6489,0.6646,0.6537,15197180,9996264.05,412
FP,2013-08-28,0.6489,0.6423,0.6518,0.6456,17422733,11246005,404
FP,2013-08-29,0.6461,0.6442,0.6489,0.6447,7703407,4976989.7,176
FP,2013-08-30,0.6347,0.6347,0.647,0.6452,9071314,5834212.2,230
FP,2013-09-02,0.6447,0.6447,0.6556,0.6532,1638026,1070426.7,87
FP,2013-09-03,0.6532,0.6452,0.6537,0.6461,5539499,3584920.65,149
FP,2013-09-04,0.6489,0.6433,0.6489,0.6452,6432507,4146519.3,171
FP,2013-09-05,0.648,0.6442,0.648,0.6442,4917349,3169124.2,108
FP,2013-09-06,0.6442,0.6414,0.6447,0.6418,12263870,7885591.45,151
FP,2013-09-09,0.6409,0.6371,0.6452,0.6404,3149489,2011695.55,107
FP,2013-09-10,0.6433,0.6404,0.648,0.6456,9474645,6103060.95,144
FP,2013-09-11,0.6442,0.6433,0.657,0.6551,34068358,22204636.8,196
FP,2013-09-12,0.6579,0.6575,0.6627,0.6622,3415808,2254866.6,127
FP,2013-09-13,0.6627,0.6627,0.6731,0.6707,16180649,10848248.8,468
FP,2013-09-16,0.6726,0.6636,0.6745,0.6703,8787684,5872823.45,251
FP,2013-09-17,0.6703,0.6636,0.6726,0.6688,8145689,5466033.05,156
FP,2013-09-18,0.6698,0.6698,0.6722,0.6722,5713667,3838762,115
FP,2013-09-19,0.6726,0.6726,0.6821,0.6821,16994279,11517147.15,299
FP,2013-09-20,0.675,0.675,0.6812,0.6797,5629222,3826244,146
FP,2013-09-23,0.6797,0.6774,0.6887,0.684,7482161,5114847.75,199
FP,2013-09-24,0.6845,0.684,0.6897,0.6849,5781963,3966441.95,207
FP,2013-09-25,0.6849,0.6849,0.701,0.6987,18899574,13185445.9,557
FP,2013-09-26,0.701,0.701,0.7233,0.71,17983027,12910494.15,656
FP,2013-09-27,0.7195,0.7153,0.7247,0.7224,20568633,14837930.8,486
FP,2013-09-30,0.72,0.7181,0.7342,0.72,23640960,17200341.25,486
FP,2013-10-01,0.7205,0.7205,0.7271,0.7252,16544503,11980372.05,192
FP,2013-10-02,0.7276,0.7214,0.7295,0.7247,6333601,4607467.05,199
FP,2013-10-03,0.7247,0.7247,0.7318,0.7314,21755932,15890541.65,178
FP,2013-10-04,0.7318,0.728,0.7394,0.7295,13681072,10084874.6,318
FP,2013-10-07,0.7295,0.7134,0.7295,0.7134,2118836,1523255.8,337
FP,2013-10-08,0.7134,0.702,0.7134,0.7086,9843565,6970768.95,338
FP,2013-10-09,0.7105,0.6935,0.7105,0.701,8049844,5634738.25,373
FP,2013-10-10,0.7044,0.7034,0.7574,0.7361,50192429,37286608.4,965
FP,2013-10-11,0.7579,0.737,0.7669,0.737,55879074,42198887,1119
FP,2013-10-14,0.7389,0.7266,0.7427,0.7285,9987228,7313394.55,469
FP,2013-10-15,0.7285,0.7285,0.7427,0.7389,5441859,4011756.6,253
FP,2013-10-16,0.7413,0.7389,0.7555,0.7479,7643662,5688146.2,272
FP,2013-10-17,0.7541,0.7418,0.756,0.7541,11576275,8703374,365
FP,2013-10-18,0.7546,0.7404,0.7579,0.7484,15641783,11740322.5,392
FP,2013-10-21,0.7475,0.7389,0.7475,0.7451,10314136,7672380.9,266
FP,2013-10-22,0.7475,0.7427,0.7484,0.747,9288655,6936895.1,223
FP,2013-10-23,0.7475,0.7427,0.7479,0.7442,3728150,2778613.3,151
FP,2013-10-24,0.7475,0.7432,0.7475,0.7446,2335121,1737151.45,104
FP,2013-10-25,0.7446,0.7437,0.747,0.7442,2596056,1931854.55,98
FP,2013-10-28,0.7442,0.7418,0.7446,0.7432,4110264,3055379.2,153
FP,2013-10-29,0.7413,0.7408,0.756,0.7532,18983702,14217623.15,221
FP,2013-10-30,0.7532,0.7475,0.7546,0.7475,897019,673137.45,82
FP,2013-10-31,0.7532,0.7479,0.7532,0.7484,10901769,8160623.05,134
FP,2013-11-01,0.7513,0.7513,0.7574,0.7574,11220550,8476161.8,217
FP,2013-11-04,0.7579,0.7579,0.7669,0.7626,31816099,24225699.15,490
FP,2013-11-05,0.764,0.7626,0.7688,0.7626,15380848,11786711.2,368
FP,2013-11-06,0.7664,0.7626,0.7683,0.7669,26347745,20205389.7,321
FP,2013-11-07,0.7697,0.7626,0.7735,0.7626,7833242,6013836.7,416
FP,2013-11-08,0.7626,0.7532,0.7626,0.7574,10482815,7949848.6,334
FP,2013-11-11,0.7574,0.7484,0.7574,0.756,6448341,4845058.35,428
FP,2013-11-12,0.7532,0.7451,0.7569,0.7451,5434787,4093326.9,350
FP,2013-11-13,0.7475,0.7437,0.7475,0.7475,31849350,23758716.1,602
FP,2013-11-14,0.7446,0.7446,0.7697,0.7669,17949671,13712596.4,437
FP,2013-11-15,0.7721,0.7569,0.7721,0.7579,9212549,7024094.4,184
FP,2013-11-18,0.7579,0.7565,0.765,0.7579,26082482,19771218.75,688
FP,2013-11-19,0.7579,0.7541,0.774,0.7702,25195068,19357920.35,677
FP,2013-11-20,0.7702,0.7674,0.7712,0.7678,6033926,4639507.25,304
FP,2013-11-21,0.7674,0.7579,0.774,0.7674,12628779,9643417.15,481
FP,2013-11-25,0.7674,0.7664,0.7721,0.7674,42017396,32281911.1,566
FP,2013-11-26,0.765,0.765,0.7693,0.7659,24858977,19055398.1,372
FP,2013-11-27,0.7659,0.7645,0.7683,0.7683,21754243,16670537.6,397
FP,2013-11-28,0.7693,0.7683,0.7745,0.7745,23075072,17815248.9,411
FP,2013-11-29,0.7745,0.774,0.7958,0.7958,20021322,15633997.4,404
FP,2013-12-02,0.7958,0.7958,0.8147,0.8109,32082630,25931259.25,713
FP,2013-12-03,0.81,0.8029,0.8162,0.8152,19504412,15830049.85,506
FP,2013-12-04,0.8152,0.8053,0.8223,0.8095,20518810,16629839.05,519
FP,2013-12-05,0.8109,0.8095,0.8143,0.8138,11988157,9732448.6,349
FP,2013-12-06,0.8143,0.8076,0.8143,0.8133,12391171,10058191.75,230
FP,2013-12-09,0.8138,0.7939,0.8147,0.7958,23146534,18683705.3,611
FP,2013-12-10,0.7953,0.7607,0.7953,0.7702,43800350,34009089.75,1229
FP,2013-12-11,0.7702,0.7702,0.791,0.791,20645267,16095062.05,500
FP,2013-12-12,0.791,0.7863,0.7948,0.7882,18288085,14451135.4,456
FP,2013-12-13,0.7892,0.7863,0.8053,0.8053,16900756,13403322.75,345
FP,2013-12-16,0.8053,0.7967,0.8057,0.8043,23162684,18621958.5,449
FP,2013-12-17,0.7982,0.7887,0.8053,0.8024,18656371,14873858.05,448
FP,2013-12-18,0.7967,0.791,0.8038,0.791,14942261,11910309.55,323
FP,2013-12-19,0.7977,0.7929,0.8015,0.7929,4230282,3373254.05,242
FP,2013-12-20,0.7929,0.7863,0.7958,0.7877,6472935,5117034.95,253
FP,2013-12-23,0.7977,0.7873,0.7977,0.7901,3991724,3153824.8,161
FP,2013-12-27,0.7958,0.7901,0.7972,0.7934,1523708,1209636.1,172
FP,2013-12-30,0.7948,0.7896,0.7958,0.7896,4325600,3429799,228
FP,2014-01-03,0.7925,0.7896,0.8109,0.8109,8009205,6417011.1,297
FP,2014-01-06,0.8109,0.7996,0.8109,0.8005,1742421,1397825.7,153
FP,2014-01-07,0.8053,0.8,0.8053,0.8053,4913127,3937524.85,179
FP,2014-01-08,0.8053,0.8,0.809,0.8005,15286903,12283279.75,306
FP,2014-01-09,0.8024,0.8,0.8053,0.8005,6030337,4839406.05,219
FP,2014-01-10,0.8005,0.7977,0.8015,0.7996,3557148,2842887.05,235
FP,2014-01-13,0.8005,0.7925,0.8005,0.7929,13232562,10531692.95,338
FP,2014-01-14,0.792,0.7816,0.792,0.7854,6450663,5068601.2,413
FP,2014-01-15,0.7854,0.7816,0.7887,0.783,8414541,6605077.95,275
FP,2014-01-16,0.783,0.7768,0.7863,0.7768,4448573,3474409.25,288
FP,2014-01-17,0.7816,0.7787,0.7825,0.7787,7119469,5556503.7,200
FP,2014-01-20,0.7792,0.7697,0.7792,0.7702,7174464,5540411.95,313
FP,2014-01-21,0.7721,0.7702,0.7792,0.7707,9574185,7405508.7,410
FP,2014-01-22,0.7726,0.7707,0.7802,0.7721,9634880,7438677.5,189
FP,2014-01-23,0.7721,0.7716,0.7749,0.7745,2499789,1933187.75,161
FP,2014-01-24,0.7759,0.7726,0.7768,0.7768,15568844,12082189.8,223
FP,2014-01-27,0.7749,0.7669,0.7754,0.7745,5111362,3940272.45,320
FP,2014-01-28,0.7759,0.7693,0.7768,0.7726,7254053,5610686.9,256
FP,2014-01-29,0.773,0.7702,0.7778,0.7745,8985708,6946755.6,244
FP,2014-01-30,0.7726,0.7712,0.773,0.7721,7764102,5992852,206
FP,2014-01-31,0.7745,0.7721,0.7764,0.7726,20107984,15549153.45,261
FP,2014-02-03,0.7768,0.7768,0.7977,0.7896,17128969,13568102.5,500
FP,2014-02-04,0.7787,0.7768,0.7877,0.7849,4178982,3275102.5,307
FP,2014-02-05,0.7858,0.7816,0.7863,0.7816,5387498,4213134.2,144
FP,2014-02-06,0.7806,0.7749,0.782,0.7816,10301575,8039383.4,271
FP,2014-02-07,0.782,0.7778,0.7849,0.7783,10666378,8320123.6,222
FP,2014-02-10,0.7778,0.773,0.7792,0.773,1818633,1410378.55,229
FP,2014-02-11,0.7759,0.7726,0.7768,0.773,1951528,1511785.35,171
FP,2014-02-12,0.7764,0.7735,0.7768,0.7768,5997087,4646031.3,190
FP,2014-02-13,0.7759,0.773,0.7835,0.7835,2968143,2308057.05,134
FP,2014-02-14,0.7787,0.7787,0.7835,0.7802,11936223,9328808.15,192
FP,2014-02-17,0.7839,0.7778,0.7854,0.7778,4264693,3334350,155
FP,2014-02-18,0.7778,0.7768,0.7806,0.7778,1327478,1032263.8,118
FP,2014-02-19,0.7797,0.7768,0.7816,0.7783,3945280,3074175.8,120
FP,2014-02-20,0.7773,0.7726,0.7792,0.7726,4802398,3713682.65,207
FP,2014-02-21,0.7726,0.7716,0.7745,0.7721,3158778,2440734.65,158
FP,2014-02-24,0.7745,0.7712,0.7745,0.7712,9413634,7267821.65,204
FP,2014-02-25,0.7768,0.7749,0.7806,0.7768,12454294,9677595.15,370
FP,2014-02-26,0.7749,0.7603,0.7749,0.7603,10769085,8252666.55,528
FP,2014-02-27,0.7626,0.7607,0.7655,0.765,6388490,4873250,156
FP,2014-02-28,0.7669,0.765,0.7745,0.774,4918299,3791705,206
FP,2014-03-03,0.7674,0.7465,0.7674,0.7465,28422036,21535730.5,841
FP,2014-03-04,0.7532,0.7532,0.7712,0.7712,10388026,7895572.05,493
FP,2014-03-05,0.7712,0.7712,0.7768,0.7712,4772737,3692609.85,239
FP,2014-03-06,0.7712,0.7712,0.7768,0.7768,4086514,3168939.55,182
FP,2014-03-07,0.7768,0.7683,0.7768,0.7693,2093291,1615953.4,166
FP,2014-03-10,0.7683,0.7655,0.7702,0.7674,3232034,2479898.7,115
FP,2014-03-11,0.7655,0.7598,0.7697,0.7598,2377027,1818922.9,194
FP,2014-03-12,0.7588,0.7484,0.765,0.7484,8402614,6340843.85,423
FP,2014-03-13,0.7489,0.7475,0.7546,0.7484,26797838,20079831.75,180
FP,2014-03-14,0.7475,0.7366,0.7484,0.7399,3869384,2858857,353
FP,2014-03-17,0.7408,0.7389,0.7536,0.7513,16265517,12220186.55,246
FP,2014-03-18,0.7503,0.7498,0.7541,0.7508,11455307,8605710.55,255
FP,2014-03-19,0.7517,0.7456,0.7522,0.747,5814791,4344328.8,169
FP,2014-03-20,0.747,0.7446,0.7494,0.7494,3974519,2967842.1,137
FP,2014-03-21,0.7484,0.7451,0.7503,0.7503,4005974,3001429.9,108
FP,2014-03-24,0.7484,0.7465,0.7494,0.7479,6657026,4982449.55,146
FP,2014-03-25,0.7479,0.7479,0.7503,0.7498,5335986,3995057.75,102
FP,2014-03-26,0.7598,0.7598,0.7759,0.7674,19407511,14905981.55,349
FP,2014-03-27,0.7674,0.7674,0.7797,0.7787,9113748,7027843.55,232
FP,2014-03-28,0.7787,0.7787,0.7896,0.7863,7582756,5965197.6,239
FP,2014-03-31,0.791,0.7844,0.791,0.7863,25890052,20355235,221
FP,2014-04-01,0.7854,0.7806,0.7863,0.7806,5501499,4302638,154
FP,2014-04-02,0.7816,0.7745,0.7825,0.7768,12245292,9544084,262
FP,2014-04-03,0.7768,0.7735,0.7768,0.7749,7254581,5629208.95,106
FP,2014-04-04,0.7783,0.774,0.7783,0.7749,5348653,4147315.05,148
FP,2014-04-07,0.774,0.7735,0.7778,0.7768,3888701,3020254.45,100
FP,2014-04-08,0.774,0.7702,0.7783,0.774,5613072,4342121.8,178
FP,2014-04-09,0.7721,0.7712,0.774,0.7721,6571525,5078229.85,148
FP,2014-04-10,0.7712,0.7655,0.774,0.7683,4009352,3082353.25,153
FP,2014-04-11,0.7683,0.7626,0.7721,0.7674,12104585,9304165.45,205
FP,2014-04-14,0.7626,0.7603,0.7693,0.7636,5592066,4283618.2,173
FP,2014-04-15,0.7636,0.7636,0.7674,0.7655,5005911,3839879.9,138
FP,2014-04-16,0.7659,0.7645,0.7674,0.7645,5751668,4408598.45,143
FP,2014-04-17,0.7664,0.7655,0.7664,0.7655,3631988,2781262.8,70
FP,2014-04-18,0.7659,0.7655,0.7674,0.7664,1550308,1189342.5,60
FP,2014-04-22,0.7674,0.7645,0.7674,0.7659,4889799,3744319.6,188
FP,2014-04-23,0.7659,0.7659,0.7697,0.7674,10105556,7754460,196
FP,2014-04-24,0.7693,0.7669,0.7693,0.7674,18094389,13886825.35,294
FP,2014-04-25,0.7669,0.7636,0.7674,0.7636,12725891,9744495.35,336
FP,2014-04-28,0.7389,0.7209,0.7389,0.7238,6079948,4410622.3,387
FP,2014-04-29,0.7247,0.7172,0.7252,0.7195,9328344,6723436.2,363
FP,2014-04-30,0.7214,0.7186,0.7214,0.7195,7054868,5073782.7,213
FP,2014-05-02,0.7195,0.719,0.7214,0.72,26113410,18800625.95,280
FP,2014-05-05,0.7209,0.7172,0.7214,0.719,3663444,2631764.65,147
FP,2014-05-06,0.7172,0.7172,0.72,0.72,10412409,7491479.2,110
FP,2014-05-07,0.7172,0.7172,0.7366,0.7337,7684302,5583855.15,237
FP,2014-05-08,0.7337,0.72,0.7437,0.7427,7490500,5507534.15,287
FP,2014-05-09,0.7437,0.7389,0.7475,0.7437,9696314,7209215.4,184
FP,2014-05-12,0.7479,0.7437,0.7508,0.7494,6699987,5006871.2,232
FP,2014-05-13,0.7494,0.7494,0.756,0.756,6826022,5144694.2,240
FP,2014-05-14,0.7565,0.7517,0.7579,0.756,7841897,5920026.3,220
FP,2014-05-15,0.756,0.7522,0.7579,0.7532,9266171,7001498.35,248
FP,2014-05-16,0.7541,0.7541,0.7569,0.7546,7071230,5337868.55,151
FP,2014-05-19,0.7532,0.7527,0.7574,0.7546,7597218,5728958.4,181
FP,2014-05-20,0.7565,0.7536,0.7579,0.7574,5576444,4218119.2,180
FP,2014-05-21,0.7574,0.7484,0.7574,0.7532,7287093,5481032.5,185
FP,2014-05-22,0.7532,0.7513,0.756,0.7527,7880637,5931514.25,116
FP,2014-05-23,0.7527,0.7508,0.7569,0.7565,18564326,14019198.3,187
FP,2014-05-26,0.7498,0.7494,0.7603,0.7598,7049379,5338563.55,256
FP,2014-05-27,0.7607,0.7579,0.7674,0.7607,8194456,6237923,217
FP,2014-05-28,0.7626,0.7579,0.7636,0.7579,11874894,9011928.2,186
FP,2014-05-29,0.7617,0.7598,0.7626,0.7626,5880236,4479687.05,164
FP,2014-05-30,0.7626,0.7617,0.7702,0.7702,23467003,18025100.85,376
FP,2014-06-02,0.7697,0.7636,0.773,0.7716,16145710,12459245.5,284
FP,2014-06-03,0.7693,0.7655,0.7712,0.7674,8393536,6454135.1,186
FP,2014-06-04,0.7702,0.7674,0.7712,0.7697,7943548,6109466.3,183
FP,2014-06-05,0.765,0.765,0.7702,0.7693,7055502,5425177.35,153
FP,2014-06-06,0.7683,0.7659,0.7702,0.7697,9112375,6996166.65,209
FP,2014-06-10,0.7598,0.7598,0.7702,0.7702,12948298,9944014.8,204
FP,2014-06-11,0.7712,0.7669,0.7712,0.7674,8014060,6157511.25,168
FP,2014-06-12,0.7612,0.7612,0.7693,0.7678,5142923,3948062.05,138
FP,2014-06-13,0.7674,0.7664,0.7683,0.7664,3927124,3011801.6,108
FP,2014-06-16,0.7631,0.7612,0.7674,0.7626,3165217,2419193.9,87
FP,2014-06-17,0.7655,0.7588,0.7674,0.7588,7649046,5850574.5,149
FP,2014-06-18,0.7626,0.7607,0.7674,0.7674,11744532,8970341.55,126
FP,2014-06-19,0.7693,0.7664,0.7707,0.7693,16446335,12646535.45,244
FP,2014-06-20,0.7678,0.7674,0.7707,0.7693,9895499,7618917.2,104
FP,2014-06-23,0.7707,0.7693,0.7721,0.7712,11851566,9129365.65,151
FP,2014-06-24,0.7688,0.7688,0.7726,0.7716,9992505,7713781.65,142
FP,2014-06-25,0.773,0.7721,0.7764,0.7764,19730725,15263398.1,189
FP,2014-06-26,0.7768,0.7768,0.7892,0.7873,13201845,10341506.55,287
FP,2014-06-27,0.7896,0.7882,0.8043,0.8015,13960691,11165013.7,344
FP,2014-06-30,0.801,0.7967,0.81,0.8081,12807169,10318021.4,320
FP,2014-07-01,0.8081,0.8053,0.8081,0.8067,13062616,10536753.75,224
FP,2014-07-02,0.8053,0.8043,0.8072,0.8053,13387519,10789984.5,293
FP,2014-07-03,0.8053,0.8034,0.8072,0.8057,13470064,10847143.65,233
FP,2014-07-04,0.8029,0.7967,0.8076,0.8072,8171339,6587511.1,218
FP,2014-07-07,0.7986,0.7986,0.8076,0.8053,14202521,11440345.35,169
FP,2014-07-08,0.8043,0.8043,0.8109,0.8072,5098906,4118130.1,166
FP,2014-07-09,0.8072,0.8053,0.809,0.8053,7180058,5796948.75,142
FP,2014-07-10,0.8053,0.7915,0.8057,0.7958,7444583,5961481.65,205
FP,2014-07-11,0.7996,0.7986,0.8019,0.7996,3944857,3155683.55,111
FP,2014-07-14,0.8053,0.8034,0.8053,0.8048,5731718,4612202.05,91
FP,2014-07-15,0.7991,0.7991,0.8076,0.8034,12497150,10060043.05,139
FP,2014-07-16,0.7996,0.7986,0.8048,0.8038,13401347,10769098.65,84
FP,2014-07-17,0.8024,0.8024,0.8048,0.8048,6503124,5233217.9,124
FP,2014-07-18,0.8043,0.8,0.8048,0.8019,1873522,1501638.35,102
FP,2014-07-21,0.8043,0.7982,0.8043,0.7982,2673218,2139235.6,125
FP,2014-07-22,0.7982,0.7948,0.7996,0.7953,6375823,5080956.55,169
FP,2014-07-23,0.7939,0.7939,0.7953,0.7939,11286628,8966706.6,135
FP,2014-07-24,0.7939,0.7925,0.7948,0.7939,1810927,1436265.05,77
FP,2014-07-25,0.7934,0.7863,0.7934,0.7863,8004982,6310391.2,243
FP,2014-07-28,0.7778,0.7778,0.7849,0.782,1717404,1341095.55,89
FP,2014-07-29,0.7825,0.7811,0.7854,0.7825,3650038,2854506.35,184
FP,2014-07-30,0.783,0.7825,0.7844,0.7844,2547500,1995753.95,122
FP,2014-07-31,0.7844,0.7844,0.792,0.792,7516256,5940185.45,147
FP,2014-08-01,0.792,0.7887,0.8048,0.8048,12078724,9629022.1,204
FP,2014-08-04,0.8053,0.8053,0.8067,0.8053,11321356,9118150.8,162
FP,2014-08-05,0.8072,0.8053,0.8072,0.8057,4541885,3659738.4,72
FP,2014-08-06,0.8053,0.8053,0.8062,0.8057,9213076,7420424.3,121
FP,2014-08-07,0.8062,0.8053,0.8095,0.8095,23614149,19023768.3,168
FP,2014-08-08,0.8067,0.8067,0.809,0.8072,8506270,6865528.9,117
FP,2014-08-11,0.8067,0.8062,0.8072,0.8067,4203576,3391148.7,79
FP,2014-08-12,0.8072,0.8067,0.81,0.8095,4947222,4001334.35,107
FP,2014-08-13,0.81,0.8086,0.819,0.8162,39463456,32121752.75,358
FP,2014-08-14,0.818,0.8147,0.8204,0.8204,17625401,14390631.35,168
FP,2014-08-18,0.8185,0.8185,0.8289,0.828,6011759,4974959.25,233
FP,2014-08-19,0.828,0.8214,0.8289,0.8289,9314938,7709920.4,220
FP,2014-08-20,0.8289,0.8266,0.8304,0.8289,1715610,1422448.75,121
FP,2014-08-21,0.8289,0.8242,0.8289,0.8242,3596626,2968578,138
FP,2014-08-22,0.8242,0.8233,0.8261,0.8242,3785784,3120271.15,97
FP,2014-08-25,0.8233,0.8199,0.8242,0.8218,1943928,1597329.9,123
FP,2014-08-26,0.8209,0.8204,0.8242,0.8237,4414161,3626305.05,126
FP,2014-08-27,0.8199,0.8147,0.827,0.827,4886843,4012155.3,129
FP,2014-08-28,0.8242,0.8242,0.8275,0.8242,1402529,1158367.3,72
FP,2014-08-29,0.8223,0.8223,0.8318,0.8308,12251203,10162016.55,173
FP,2014-09-01,0.8299,0.8299,0.8318,0.8308,10385703,8627448.75,65
FP,2014-09-02,0.8299,0.8299,0.8342,0.8337,9285805,7740126.65,169
FP,2014-09-03,0.8342,0.8332,0.8417,0.8379,5824396,4864433.8,193
FP,2014-09-04,0.8408,0.8351,0.8432,0.8356,5252702,4406963.35,234
FP,2014-09-05,0.8375,0.8351,0.8427,0.8351,3038655,2546376.75,136
FP,2014-09-08,0.8351,0.8327,0.8375,0.8332,3234145,2696229.45,172
FP,2014-09-09,0.8337,0.8285,0.8337,0.8285,3327880,2764052.9,188
FP,2014-09-10,0.828,0.8247,0.8318,0.8318,12499894,10376425.55,208
FP,2014-09-11,0.8337,0.8299,0.8337,0.8299,11013342,9157485.25,171
FP,2014-09-12,0.8304,0.8285,0.8332,0.8318,3820090,3173729.7,80
FP,2014-09-15,0.8332,0.8332,0.8522,0.8522,43183584,36176469.35,283
FP,2014-09-16,0.8517,0.8512,0.8711,0.8668,24024447,20712180.6,557
FP,2014-09-17,0.8678,0.8678,0.8981,0.891,13443253,11927548.45,600
FP,2014-09-18,0.891,0.8792,0.8938,0.882,8467214,7480739.2,353
FP,2014-09-19,0.8882,0.8844,0.8929,0.8858,6727960,5969487.55,277
FP,2014-09-22,0.8867,0.8839,0.8891,0.8839,2229670,1974520.8,187
FP,2014-09-23,0.8839,0.8716,0.8872,0.881,3493603,3074795.55,185
FP,2014-09-24,0.8815,0.8716,0.8858,0.8763,2262920,1984260.05,151
FP,2014-09-25,0.8792,0.8787,0.8877,0.8853,3230134,2860253.1,191
FP,2014-09-26,0.8768,0.8768,0.8867,0.8844,4092109,3622098.9,138
FP,2014-09-29,0.8844,0.8815,0.8882,0.8867,2354121,2086785.8,95
FP,2014-09-30,0.8877,0.8877,0.9047,0.899,26159538,23493407.75,443
FP,2014-10-01,0.9028,0.9019,0.9095,0.9019,16564136,14996215.9,408
FP,2014-10-02,0.9071,0.8986,0.9071,0.9009,6765538,6091735.15,193
FP,2014-10-03,0.8976,0.8976,0.9071,0.9033,5622256,5081740.9,137
FP,2014-10-06,0.9047,0.9009,0.9061,0.9009,12625823,11403450.1,177
FP,2014-10-07,0.9009,0.8953,0.9047,0.8962,15560611,13994675.3,294
FP,2014-10-08,0.8919,0.8877,0.8967,0.8896,5730662,5104478.5,215
FP,2014-10-09,0.89,0.8882,0.9,0.8882,5964681,5325354.3,207
FP,2014-10-10,0.8858,0.8678,0.8858,0.8749,12106908,10616309.1,381
FP,2014-10-13,0.8754,0.864,0.8792,0.8687,13331680,11637382.95,474
FP,2014-10-14,0.8668,0.8659,0.8697,0.8664,8277212,7181577.15,339
FP,2014-10-15,0.8716,0.8488,0.8716,0.8526,39362333,33639795.05,399
FP,2014-10-16,0.8526,0.8195,0.8602,0.8195,21042581,17465388.8,771
FP,2014-10-17,0.8242,0.8242,0.8517,0.8479,11351440,9597153.7,324
FP,2014-10-20,0.8526,0.8479,0.8711,0.8493,6100638,5217142.8,252
FP,2014-10-21,0.8725,0.8716,0.8905,0.8796,21327478,18755985.8,555
FP,2014-10-22,0.8829,0.8829,0.8971,0.8896,17319076,15410010.15,485
FP,2014-10-23,0.8877,0.8877,0.8905,0.8905,10488727,9335914.5,194
FP,2014-10-24,0.8905,0.8863,0.8934,0.8882,2256798,2010493.7,167
FP,2014-10-27,0.89,0.8853,0.8953,0.8853,4329083,3840227.85,335
FP,2014-10-28,0.8877,0.8848,0.8877,0.8858,2551406,2260163.9,218
FP,2014-10-29,0.9047,0.8905,0.9095,0.8915,15867569,14270621.4,725
FP,2014-10-30,0.8934,0.8839,0.8962,0.8858,14496390,12899314.8,355
FP,2014-10-31,0.8905,0.8839,0.8905,0.8905,4539457,4025870.15,309
FP,2014-11-03,0.8905,0.8886,0.8905,0.8886,330286,293903.95,68
FP,2014-11-04,0.89,0.8882,0.8905,0.8882,3031055,2695798.95,115
FP,2014-11-05,0.8882,0.8882,0.89,0.89,11745588,10437734.95,232
FP,2014-11-06,0.8905,0.8896,0.8905,0.89,6418574,5713250.25,137
FP,2014-11-07,0.8905,0.8886,0.8953,0.891,37223231,33148900.65,283
FP,2014-11-10,0.8905,0.8905,0.8957,0.8915,2591412,2313777.2,133
FP,2014-11-11,0.8924,0.8915,0.8934,0.8934,2761463,2464730.95,113
FP,2014-11-12,0.8943,0.8938,0.8953,0.8948,4142565,3704819.1,334
FP,2014-11-13,0.8953,0.8953,0.899,0.8957,4431789,3974122.35,180
FP,2014-11-14,0.8971,0.8934,0.8971,0.8934,2964976,2652960.7,97
FP,2014-11-17,0.8943,0.8929,0.8953,0.8943,2609251,2333960,131
FP,2014-11-18,0.8953,0.89,0.8953,0.89,2133191,1902192.2,143
FP,2014-11-19,0.8915,0.8886,0.8915,0.8886,808035,719396,124
FP,2014-11-20,0.8882,0.8815,0.8886,0.8815,2425477,2143638.3,232
FP,2014-11-21,0.882,0.8796,0.8891,0.8796,3478298,3071245.85,228
FP,2014-11-24,0.8796,0.8725,0.8844,0.8725,5099540,4470155.6,328
FP,2014-11-25,0.8763,0.8744,0.881,0.881,4121031,3613969.4,157
FP,2014-11-26,0.881,0.881,0.8867,0.8867,3589237,3175614.95,154
FP,2014-11-27,0.8872,0.8796,0.8896,0.8858,2932676,2596425.25,163
FP,2014-11-28,0.8886,0.8725,0.8886,0.8782,4201571,3699349.15,93
FP,2014-12-02,0.8886,0.8725,0.8886,0.8725,1919953,1682359.393,113
FP,2014-12-03,0.8806,0.8621,0.881,0.8621,21456956,18640946.0585,489
FP,2014-12-04,0.8716,0.8578,0.8787,0.8649,31522867,27225418.083,1402
FP,2014-12-05,0.8763,0.8602,0.8763,0.8602,20609469,17782123.788,694
FP,2014-12-08,0.8602,0.8602,0.8739,0.8716,34659220,30116012.4895,547
FP,2014-12-09,0.8687,0.8574,0.8687,0.8593,28118725,24210976.5405,655
FP,2014-12-10,0.8612,0.8403,0.8612,0.8498,20969670,17794048.5615,812
FP,2014-12-11,0.8498,0.8327,0.8564,0.8337,20482619,17163781.24,731
FP,2014-12-12,0.8318,0.8289,0.8337,0.8337,16596541,13817854.4455,443
FP,2014-12-15,0.8337,0.8237,0.8356,0.8332,13818185,11489204.229,525
FP,2014-12-16,0.8356,0.8256,0.8365,0.8261,8573028,7109713.719,418
FP,2014-12-17,0.8252,0.8252,0.8323,0.8313,8394225,6961232.1405,333
FP,2014-12-18,0.8327,0.8242,0.8465,0.8327,35739226,29848027.6655,558
FP,2014-12-19,0.8432,0.8299,0.8432,0.8323,21679207,18165198.749,411
FP,2014-12-22,0.8323,0.8323,0.8413,0.8337,9775531,8150917.894,279
FP,2014-12-23,0.8337,0.8327,0.8365,0.8337,6190143,5160420.883,215
FP,2014-12-29,0.8332,0.8332,0.8503,0.8498,2518969,2130515.8365,195
FP,2014-12-30,0.8507,0.8446,0.8507,0.8488,3637319,3083199.372,197
FP,2015-01-05,0.8479,0.8318,0.8507,0.8318,15310809,12881997.528,343
FP,2015-01-06,0.8308,0.8185,0.8308,0.8237,17279096,14217188.1735,562
FP,2015-01-07,0.8318,0.8176,0.8318,0.8176,6426862,5277851.4655,383
FP,2015-01-08,0.8242,0.8195,0.8289,0.8209,25128658,20646314.6745,457
FP,2015-01-09,0.8237,0.8171,0.8237,0.8171,9757308,7999339.4815,345
FP,2015-01-12,0.8176,0.809,0.8199,0.8147,5809412,4722292.804,453
FP,2015-01-13,0.819,0.8053,0.819,0.8095,6105678,4955578.4005,326
FP,2015-01-14,0.809,0.8043,0.8095,0.8062,5646220,4548425.4345,242
FP,2015-01-15,0.8053,0.7958,0.8076,0.8005,22201574,17748023.7535,570
FP,2015-01-16,0.8043,0.7929,0.8062,0.8062,11269450,8997456.9855,436
FP,2015-01-19,0.8053,0.7996,0.8081,0.8005,8147881,6536148.5515,288
FP,2015-01-20,0.8029,0.8029,0.8067,0.8053,3499960,2817980.2325,184
FP,2015-01-21,0.8053,0.8053,0.8289,0.8133,9693697,7904108.824,413
FP,2015-01-22,0.8124,0.8114,0.8171,0.8147,8101872,6600568.5895,277
FP,2015-01-23,0.8242,0.818,0.8261,0.8214,6339433,5211592.39,321
FP,2015-01-26,0.8223,0.8076,0.8223,0.81,4844537,3936402.8915,314
FP,2015-01-27,0.8133,0.7996,0.8133,0.8005,9143886,7338562.4985,362
FP,2015-01-28,0.8005,0.7986,0.8053,0.7986,15528058,12468846.369,507
FP,2015-01-29,0.8034,0.7896,0.8034,0.791,6385875,5069936.02,628
FP,2015-01-30,0.7958,0.7901,0.7958,0.7906,11067315,8754133.874,435
FP,2015-02-02,0.7958,0.7915,0.8,0.7958,11278566,8975191.8855,217
FP,2015-02-03,0.8024,0.7958,0.8024,0.7972,4924280,3926115.078,300
FP,2015-02-04,0.8043,0.7958,0.8048,0.7958,7250406,5800161.0565,268
FP,2015-02-05,0.8005,0.7854,0.8005,0.7877,4874752,3851589.787,502
FP,2015-02-06,0.7953,0.791,0.7982,0.7977,1293275,1029529.583,136
FP,2015-02-09,0.7996,0.792,0.8,0.7948,1032993,820746.4825,171
FP,2015-02-10,0.7958,0.7958,0.8157,0.8147,9084701,7346072.4555,350
FP,2015-02-11,0.8157,0.8147,0.827,0.8195,3776446,3099003.8655,345
FP,2015-02-12,0.8195,0.8185,0.827,0.8242,8254109,6799636.031,238
FP,2015-02-13,0.8242,0.8233,0.827,0.827,4079453,3364789.77,212
FP,2015-02-16,0.8242,0.8223,0.8285,0.828,1418845,1172776.22,216
FP,2015-02-17,0.8289,0.8223,0.8289,0.8223,5718039,4721765.8555,245
FP,2015-02-18,0.827,0.8242,0.8403,0.8403,6461943,5369241.7335,299
FP,2015-02-19,0.8417,0.8337,0.8441,0.8441,9591358,8060673.9985,254
FP,2015-02-20,0.8432,0.8432,0.846,0.8446,9822380,8290224.327,234
FP,2015-02-23,0.846,0.846,0.8536,0.8517,9842041,8385634.7675,249
FP,2015-02-24,0.8517,0.8398,0.8517,0.8422,21210062,17994175.947,234
FP,2015-02-25,0.8427,0.8223,0.8474,0.8237,11591139,9647784.4005,463
FP,2015-02-26,0.8379,0.8086,0.8379,0.8119,8194128,6667230.4555,650
FP,2015-02-27,0.8143,0.8128,0.8233,0.8128,6406693,5222433.963,345
FP,2015-03-02,0.8171,0.8166,0.8242,0.8233,11781251,9693017.8375,215
FP,2015-03-03,0.8171,0.8171,0.8337,0.8289,7200363,5944266.5775,273
FP,2015-03-04,0.8313,0.8204,0.8313,0.8237,3691355,3043215.7135,207
FP,2015-03-05,0.8285,0.8223,0.8285,0.8242,4771501,3929028.2905,155
FP,2015-03-06,0.827,0.8204,0.827,0.8242,3081453,2535762.429,224
FP,2015-03-09,0.8218,0.8171,0.8242,0.8195,7241548,5939331.3885,157
FP,2015-03-10,0.8256,0.8176,0.8289,0.8195,4291312,3521975.7505,146
FP,2015-03-11,0.8261,0.8147,0.8261,0.8157,19771121,16205114.6765,195
FP,2015-03-12,0.8204,0.8147,0.8204,0.818,12425777,10164014.2435,224
FP,2015-03-13,0.8199,0.7986,0.8199,0.7986,9576753,7721104.7515,463
FP,2015-03-16,0.7991,0.7991,0.8076,0.8,1972736,1586138.857,173
FP,2015-03-17,0.8,0.7958,0.8053,0.7958,12124776,9674658.7075,276
FP,2015-03-18,0.7963,0.7948,0.8053,0.7953,13686270,10891149.0415,171
FP,2015-03-19,0.7953,0.7948,0.7967,0.7958,11713172,9317855.027,269
FP,2015-03-20,0.7958,0.7939,0.8095,0.8034,5405171,4337126.6945,189
FP,2015-03-23,0.8043,0.8015,0.8062,0.8057,14980493,12039776.2785,144
FP,2015-03-24,0.8057,0.8053,0.8147,0.8119,22380359,18042012.0905,239
FP,2015-03-25,0.8143,0.809,0.8147,0.8124,16693749,13523323.025,351
FP,2015-03-26,0.8133,0.8081,0.8176,0.8147,2414888,1965627.765,145
FP,2015-03-27,0.8157,0.8124,0.8185,0.8152,854577,696547.9145,103
FP,2015-03-30,0.8171,0.8147,0.8171,0.8157,1586245,1293663.8045,139
FP,2015-03-31,0.8147,0.8147,0.818,0.818,1152946,941694.6715,127
FP,2015-04-01,0.8185,0.8157,0.8285,0.8242,9297219,7665833.518,202
FP,2015-04-02,0.8266,0.8095,0.8266,0.81,682213,555583.346,140
FP,2015-04-03,0.81,0.7991,0.8152,0.8005,2499272,2008787.403,200
FP,2015-04-06,0.8015,0.7986,0.8053,0.8015,2472488,1977830.1095,183
FP,2015-04-07,0.8015,0.8015,0.8138,0.8138,1187129,959344.816,100
FP,2015-04-08,0.8119,0.8105,0.818,0.8109,1159918,942364.2205,130
FP,2015-04-09,0.8171,0.8128,0.8171,0.8138,21403763,17437194.3195,162
FP,2015-04-10,0.8176,0.8143,0.8237,0.8223,15847403,12918560.7075,139
FP,2015-04-14,0.8237,0.8195,0.8266,0.8242,8104139,6651242.1795,152
FP,2015-04-15,0.8242,0.8214,0.8323,0.8304,12872872,10646497.984,196
FP,2015-04-16,0.8323,0.8308,0.8408,0.8384,20114266,16859053.7355,261
FP,2015-04-17,0.8394,0.8384,0.8522,0.846,10967652,9294729.8035,422
FP,2015-04-20,0.8469,0.8398,0.8526,0.846,19536994,16579139.6,394
FP,2015-04-21,0.8498,0.8465,0.8602,0.8597,31407884,26847250.8145,330
FP,2015-04-22,0.8597,0.8574,0.8659,0.8621,7097074,6102291.0035,282
FP,2015-04-23,0.864,0.8621,0.8782,0.8735,16629457,14516183.3845,480
FP,2015-04-24,0.8735,0.8716,0.881,0.8716,14222726,12516106.715,329
FP,2015-04-27,0.8801,0.8692,0.8801,0.8782,7356526,6428905.9645,219
FP,2015-04-28,0.8782,0.8621,0.8792,0.8697,7553385,6600195.1345,273
FP,2015-04-29,0.8706,0.8479,0.8706,0.8621,13747339,11891291.608,366
FP,2015-04-30,0.8545,0.8517,0.8668,0.8526,7378435,6320495.8865,282
FP,2015-05-04,0.8597,0.8517,0.8597,0.8597,4762200,4068949.475,233
FP,2015-05-05,0.8545,0.8403,0.8697,0.8526,16898005,14529147.586,434
FP,2015-05-06,0.8597,0.8484,0.8616,0.8498,4765816,4060627.9065,213
FP,2015-05-07,0.8498,0.8498,0.8621,0.8621,1427635,1219539.2705,105
FP,2015-05-08,0.8583,0.8583,0.8687,0.863,1030296,887953.9135,131
FP,2015-05-11,0.8649,0.8536,0.8649,0.8578,716303,614197.858,75
FP,2015-05-12,0.8621,0.8517,0.8621,0.8526,4065441,3476128.7155,163
FP,2015-05-13,0.8526,0.8432,0.8555,0.8465,2998612,2540068.9085,181
FP,2015-05-14,0.8507,0.8346,0.8507,0.8384,2631717,2207007.4755,175
FP,2015-05-15,0.8493,0.8346,0.8493,0.8351,7534624,6311844.8485,245
FP,2015-05-18,0.8432,0.8342,0.8432,0.8394,4989139,4171084.792,127
FP,2015-05-19,0.8394,0.8389,0.8455,0.8441,5896465,4972318.1795,141
FP,2015-05-20,0.8465,0.8432,0.8469,0.846,1142329,965047.707,85
FP,2015-05-21,0.8413,0.8389,0.8493,0.8493,2299435,1939250.7195,135
FP,2015-05-22,0.8474,0.8417,0.8479,0.8479,2166576,1830331.1825,114
FP,2015-05-25,0.8441,0.8389,0.8479,0.845,818039,688505.138,91
FP,2015-05-26,0.845,0.8413,0.846,0.845,2853340,2408121.8045,89
FP,2015-05-27,0.8403,0.8384,0.845,0.8394,2349884,1973807.557,141
FP,2015-05-28,0.8432,0.8356,0.8432,0.8365,1575820,1317895.8915,115
FP,2015-05-29,0.8422,0.8337,0.8422,0.8375,3223600,2693173.353,148
FP,2015-06-02,0.8394,0.8356,0.8394,0.8384,7672514,6421137.3375,210
FP,2015-06-03,0.8389,0.8346,0.8408,0.837,6136556,5136236.347,214
FP,2015-06-04,0.837,0.8223,0.837,0.8223,6445476,5333953.299,416
FP,2015-06-05,0.8242,0.8209,0.8337,0.8214,6018694,4960669.2505,324
FP,2015-06-08,0.8214,0.8166,0.8266,0.8176,2973175,2433112.8,229
FP,2015-06-09,0.8233,0.809,0.8233,0.81,12093055,9807768.5025,385
FP,2015-06-10,0.8138,0.809,0.8138,0.8109,4152226,3367562.598,162
FP,2015-06-11,0.81,0.81,0.8138,0.81,9833773,7975929.109,196
FP,2015-06-12,0.8138,0.8038,0.8195,0.8053,15312306,12376085.3155,323
FP,2015-06-15,0.8119,0.8019,0.8119,0.8053,8048383,6481489.872,300
FP,2015-06-16,0.8053,0.7967,0.8053,0.7967,8871422,7090688.6455,503
FP,2015-06-17,0.8005,0.7929,0.8053,0.8053,4989996,3984436.8935,279
FP,2015-06-18,0.8034,0.801,0.8062,0.8053,6263927,5037865.4745,222
FP,2015-06-19,0.8062,0.8043,0.8062,0.8043,18972554,15276838.539,215
FP,2015-06-22,0.8053,0.8005,0.809,0.8062,10928540,8799655.001,344
FP,2015-06-23,0.805,0.803,0.818,0.8155,18115086,14758268.692,486
FP,2015-06-24,0.8155,0.8125,0.8195,0.813,29666518,24162587.706,229
FP,2015-06-25,0.811,0.805,0.814,0.805,11558749,9321946.1545,254
FP,2015-06-26,0.81,0.801,0.81,0.8015,19109542,15362792.7605,211
FP,2015-06-29,0.79,0.781,0.7995,0.7945,9955199,7885622.166,379
FP,2015-06-30,0.7985,0.794,0.7985,0.795,15864519,12614247.2,380
FP,2015-07-01,0.7985,0.7965,0.8015,0.7995,9249460,7392363.844,350
FP,2015-07-02,0.8,0.796,0.8075,0.8,14065388,11270201.95,269
FP,2015-07-03,0.802,0.7955,0.802,0.796,3555278,2835204.8075,178
FP,2015-07-06,0.79,0.785,0.796,0.788,3499725,2759096.8595,271
FP,2015-07-07,0.789,0.7765,0.79,0.781,9956794,7770330.115,404
FP,2015-07-08,0.782,0.777,0.789,0.777,12862988,10021056.798,268
FP,2015-07-09,0.78,0.7775,0.7825,0.78,23184941,18084356.381,221
FP,2015-07-10,0.7815,0.78,0.79,0.7885,8709926,6855092.388,233
FP,2015-07-13,0.792,0.7905,0.8015,0.8,7450298,5958202.746,281
FP,2015-07-14,0.8015,0.8015,0.8135,0.806,9974469,8041987.3585,293
FP,2015-07-15,0.81,0.805,0.81,0.808,90541714,72981357.595,294
FP,2015-07-16,0.8095,0.8085,0.8245,0.8165,32495244,26550290.2555,364
FP,2015-07-17,0.8195,0.8165,0.82,0.8175,25616148,20964278.682,231
FP,2015-07-20,0.8235,0.8165,0.8235,0.82,15984399,13081615.4555,175
FP,2015-07-21,0.8205,0.807,0.8205,0.81,7751625,6299926.5515,224
FP,2015-07-22,0.806,0.805,0.821,0.821,5178777,4219827.1415,278
FP,2015-07-23,0.822,0.8175,0.823,0.82,20721719,16986185.5935,161
FP,2015-07-24,0.82,0.816,0.822,0.82,7774602,6356141.001,132
FP,2015-07-27,0.82,0.81,0.82,0.814,3018204,2451046.8905,137
FP,2015-07-28,0.8145,0.81,0.821,0.819,5175668,4217390.3295,147
FP,2015-07-29,0.819,0.815,0.82,0.8155,6557550,5355203.4015,189
FP,2015-07-30,0.818,0.8165,0.82,0.82,11881630,9738790.9695,150
FP,2015-07-31,0.817,0.792,0.8195,0.815,2749672,2221924.693,201
FP,2015-08-03,0.815,0.806,0.815,0.8065,2679369,2171509.0075,185
FP,2015-08-04,0.806,0.8,0.8095,0.805,7251651,5820424.2865,372
FP,2015-08-05,0.804,0.8035,0.8145,0.81,3681193,2977413.6495,178
FP,2015-08-06,0.814,0.811,0.8145,0.813,1048374,852680.6085,136
FP,2015-08-07,0.811,0.806,0.813,0.807,2602839,2103931.479,161
FP,2015-08-10,0.809,0.8015,0.809,0.8035,2549169,2048199.481,240
FP,2015-08-11,0.8035,0.797,0.808,0.797,4055210,3242869.4445,405
FP,2015-08-12,0.799,0.78,0.799,0.7825,14732622,11599171.3055,696
FP,2015-08-13,0.787,0.785,0.794,0.787,4728903,3719245.5675,309
FP,2015-08-14,0.7875,0.7875,0.7955,0.79,1628419,1286191.061,119
FP,2015-08-17,0.798,0.786,0.8,0.79,3943492,3121866.4735,184
FP,2015-08-18,0.79,0.7855,0.79,0.79,438235,345624.9485,112
FP,2015-08-19,0.79,0.78,0.792,0.78,5044839,3977221.23,247
FP,2015-08-20,0.781,0.7805,0.79,0.782,1005255,787318.106,207
FP,2015-08-21,0.782,0.771,0.782,0.777,4271947,3322121.0695,365
FP,2015-08-24,0.77,0.693,0.77,0.725,26809396,19618009.461,1225
FP,2015-08-25,0.7225,0.7,0.76,0.759,14838511,11023201.122,530
FP,2015-08-26,0.759,0.743,0.759,0.7535,2172632,1629855.4435,143
FP,2015-08-27,0.7555,0.755,0.7785,0.775,12354433,9472616.1155,185
FP,2015-08-28,0.7775,0.769,0.778,0.769,1165466,900042.8295,108
FP,2015-08-31,0.769,0.769,0.7755,0.774,325455,250945.2215,53
FP,2015-09-01,0.771,0.764,0.7735,0.7735,3440600,2640108.9285,219
FP,2015-09-02,0.773,0.77,0.7755,0.7705,2417468,1865199.9945,155
FP,2015-09-03,0.77,0.77,0.778,0.7705,1455949,1122589.714,127
FP,2015-09-04,0.7705,0.761,0.773,0.7645,1821617,1396783.9195,118
FP,2015-09-07,0.76,0.76,0.7675,0.763,483827,367950.481,94
FP,2015-09-08,0.763,0.761,0.77,0.77,966017,739416.03,70
FP,2015-09-09,0.79,0.787,0.8075,0.8045,14340786,11505791.083,508
FP,2015-09-10,0.8,0.797,0.805,0.799,9221085,7394776.0425,221
FP,2015-09-11,0.7995,0.793,0.7995,0.796,4415538,3510851.0915,131
FP,2015-09-14,0.797,0.796,0.8025,0.7985,8301613,6634108.6285,99
FP,2015-09-15,0.7995,0.796,0.7995,0.796,2336173,1865115.8755,129
FP,2015-09-16,0.7985,0.7965,0.7985,0.797,1966673,1568919.8615,113
FP,2015-09-17,0.799,0.7935,0.801,0.7965,8463546,6765791.851,144
FP,2015-09-18,0.8,0.787,0.8,0.792,3284641,2606897.4975,191
FP,2015-09-21,0.79,0.788,0.796,0.796,5238491,4152763.669,126
FP,2015-09-22,0.796,0.782,0.8,0.782,5161558,4090266.293,204
FP,2015-09-23,0.786,0.784,0.792,0.791,6224385,4896330.676,105
FP,2015-09-24,0.798,0.79,0.798,0.792,11210734,8858111.724,181
FP,2015-09-25,0.794,0.79,0.798,0.794,9084799,7219386.259,140
FP,2015-09-28,0.791,0.786,0.799,0.789,4996529,3955584.063,209
FP,2015-09-29,0.785,0.777,0.79,0.777,10270236,8056743.84,260
FP,2015-09-30,0.784,0.778,0.79,0.79,4120865,3216738.355,153
FP,2015-10-01,0.79,0.785,0.795,0.79,13288967,10487398.244,120
FP,2015-10-02,0.79,0.785,0.79,0.785,1947675,1529014.936,56
FP,2015-10-05,0.79,0.787,0.791,0.789,4680128,3695224.824,106
FP,2015-10-06,0.789,0.783,0.796,0.789,4660967,3673726.425,138
FP,2015-10-07,0.79,0.784,0.79,0.786,3660310,2875469.302,113
FP,2015-10-08,0.783,0.778,0.79,0.78,4883666,3816769.189,206
FP,2015-10-09,0.785,0.782,0.787,0.785,7571115,5928941.426,83
FP,2015-10-12,0.785,0.78,0.79,0.784,11152215,8741701.454,150
FP,2015-10-13,0.786,0.78,0.79,0.789,3591889,2806679.402,127
FP,2015-10-14,0.787,0.783,0.79,0.788,1665452,1308058.901,66
FP,2015-10-15,0.785,0.783,0.79,0.786,2446992,1921099.358,73
FP,2015-10-16,0.788,0.783,0.793,0.79,4334010,3409802.661,164
FP,2015-10-19,0.793,0.786,0.793,0.789,6500365,5116181.374,100
FP,2015-10-20,0.789,0.782,0.789,0.787,3103652,2439061.104,183
FP,2015-10-21,0.787,0.784,0.8,0.797,12822866,10166765.161,326
FP,2015-10-22,0.798,0.792,0.803,0.8,22142775,17627002.548,179
FP,2015-10-23,0.8,0.798,0.821,0.82,80081513,64777232.216,571
FP,2015-10-26,0.82,0.803,0.82,0.814,8034196,6507939.98,267
FP,2015-10-27,0.805,0.798,0.818,0.798,14550519,11717523.34,378
FP,2015-10-28,0.8,0.8,0.812,0.812,5707975,4613778.485,159
FP,2015-10-29,0.815,0.81,0.824,0.822,12088364,9917121.558,350
FP,2015-10-30,0.823,0.818,0.834,0.82,22258873,18362376.413,451
FP,2015-11-02,0.82,0.82,0.831,0.821,7729564,6392624.987,210
FP,2015-11-03,0.829,0.821,0.844,0.835,12184318,10188767.653,420
FP,2015-11-04,0.831,0.831,0.842,0.841,21413541,17933265.324,412
FP,2015-11-05,0.84,0.832,0.842,0.835,10076641,8446441.504,199
FP,2015-11-06,0.831,0.831,0.84,0.839,14074591,11793141.232,165
FP,2015-11-09,0.835,0.825,0.839,0.828,12754061,10630713.344,228
FP,2015-11-10,0.83,0.82,0.834,0.825,4716337,3911875.553,165
FP,2015-11-11,0.83,0.827,0.833,0.832,3129219,2596931.363,127
FP,2015-11-12,0.826,0.818,0.832,0.825,8486302,7022775.068,154
FP,2015-11-13,0.826,0.822,0.83,0.824,9757351,8074471.84,142
FP,2015-11-16,0.818,0.816,0.83,0.816,6638571,5451964.196,205
FP,2015-11-17,0.821,0.812,0.822,0.815,7287450,5944639.554,151
FP,2015-11-18,0.813,0.813,0.817,0.815,1896894,1545988.007,64
FP,2015-11-19,0.817,0.815,0.82,0.819,19510744,15958463.389,101
FP,2015-11-20,0.818,0.818,0.82,0.818,561526,459421.313,46
FP,2015-11-23,0.818,0.816,0.82,0.82,4902723,4017882.213,95
FP,2015-11-24,0.823,0.813,0.823,0.815,5764256,4699899.081,138
FP,2015-11-25,0.815,0.813,0.822,0.815,9925953,8127009.333,189
FP,2015-11-26,0.818,0.817,0.82,0.82,5418822,4442848.793,92
FP,2015-11-27,0.82,0.815,0.82,0.82,312367,255649.47,49
FP,2015-12-02,0.818,0.815,0.82,0.817,7491833,6126437.823,121
FP,2015-12-03,0.816,0.812,0.819,0.812,13261383,10811449.626,125
FP,2015-12-04,0.816,0.811,0.816,0.813,3481000,2835055.133,81
FP,2015-12-07,0.816,0.812,0.817,0.816,18802093,15328920.464,98
FP,2015-12-08,0.818,0.81,0.82,0.82,3104416,2540456.717,132
FP,2015-12-09,0.815,0.815,0.82,0.819,3388291,2776116.254,86
FP,2015-12-10,0.818,0.81,0.82,0.813,9267296,7532861.242,115
FP,2015-12-11,0.814,0.795,0.814,0.8,7073589,5712177.669,237
FP,2015-12-14,0.8,0.788,0.803,0.79,6946697,5496375.5,281
FP,2015-12-15,0.79,0.789,0.793,0.791,18443636,14581167.388,223
FP,2015-12-16,0.79,0.79,0.797,0.795,6988420,5556530.685,188
FP,2015-12-17,0.796,0.795,0.803,0.798,13972209,11176006.334,146
FP,2015-12-18,0.802,0.796,0.806,0.8,6049735,4840345.395,139
FP,2015-12-21,0.803,0.799,0.807,0.807,5028334,4045488.398,145
FP,2015-12-22,0.805,0.803,0.809,0.808,9409894,7594281.403,77
FP,2015-12-23,0.806,0.803,0.809,0.806,899590,725106.673,72
FP,2015-12-28,0.805,0.796,0.805,0.804,862197,689571.008,102
FP,2015-12-29,0.806,0.802,0.807,0.803,575293,462755.488,55
FP,2015-12-30,0.807,0.802,0.813,0.81,3472030,2794617.14,89
FP,2016-01-04,0.797,0.797,0.803,0.8,1452850,1161838.229,164
FP,2016-01-05,0.8,0.798,0.806,0.804,6340379,5080257.209,69
FP,2016-01-06,0.805,0.8,0.809,0.8,1073498,860139.744,59
FP,2016-01-07,0.802,0.788,0.802,0.799,11318175,8972114.836,227
FP,2016-01-08,0.798,0.795,0.802,0.797,26097378,20877316.606,169
FP,2016-01-11,0.797,0.77,0.8,0.776,7251464,5643710.658,304
FP,2016-01-12,0.781,0.747,0.781,0.754,11778313,8903063.627,547
FP,2016-01-13,0.76,0.752,0.76,0.755,6524763,4936155.832,127
FP,2016-01-14,0.754,0.715,0.759,0.729,40318272,29349845.459,667
FP,2016-01-15,0.74,0.717,0.758,0.727,10874721,8044745.415,458
FP,2016-01-18,0.729,0.701,0.73,0.703,5807267,4135443.52,397
FP,2016-01-19,0.717,0.703,0.725,0.719,4367512,3110388.826,253
FP,2016-01-20,0.705,0.696,0.709,0.7,6347462,4447151.214,381
FP,2016-01-21,0.694,0.694,0.725,0.723,5942769,4185057.885,260
FP,2016-01-22,0.73,0.727,0.745,0.737,3031777,2228044.283,205
FP,2016-01-25,0.73,0.716,0.734,0.719,2787902,2024593.889,215
FP,2016-01-26,0.715,0.696,0.715,0.714,6279953,4404355.598,340
FP,2016-01-27,0.718,0.713,0.735,0.727,2738517,1986566.861,189
FP,2016-01-28,0.734,0.72,0.738,0.72,3332794,2426544.742,143
FP,2016-01-29,0.73,0.729,0.732,0.73,2701297,1972499.97,105
FP,2016-02-01,0.729,0.701,0.746,0.744,9450427,6944446.392,292
FP,2016-02-02,0.745,0.745,0.752,0.752,8570254,6417079.937,201
FP,2016-02-03,0.748,0.748,0.766,0.755,15847361,12044716.108,312
FP,2016-02-04,0.768,0.76,0.769,0.765,21985787,16848412.941,169
FP,2016-02-05,0.769,0.76,0.769,0.763,11518064,8788621.893,73
FP,2016-02-08,0.761,0.743,0.762,0.743,5181080,3874049.051,226
FP,2016-02-09,0.74,0.738,0.748,0.74,15636255,11603428.187,165
FP,2016-02-10,0.749,0.74,0.749,0.741,2534919,1879169.605,64
FP,2016-02-11,0.74,0.711,0.743,0.72,2572864,1851104.847,200
FP,2016-02-12,0.726,0.724,0.73,0.727,410963,298885.799,81
FP,2016-02-15,0.738,0.725,0.738,0.73,692609,507397.726,64
FP,2016-02-16,0.72,0.72,0.729,0.724,482331,348213.113,66
FP,2016-02-17,0.723,0.721,0.742,0.736,7541295,5528769.382,214
FP,2016-02-18,0.726,0.726,0.743,0.74,4009629,2967673.239,126
FP,2016-02-19,0.738,0.735,0.742,0.742,784221,580468.897,94
FP,2016-02-22,0.735,0.735,0.744,0.74,1381433,1022491.485,79
FP,2016-02-23,0.74,0.734,0.74,0.735,2039711,1498488.557,95
FP,2016-02-24,0.74,0.726,0.74,0.728,1148817,840309.091,84
FP,2016-02-25,0.726,0.726,0.738,0.738,8354249,6086460.251,111
FP,2016-02-26,0.738,0.737,0.743,0.742,2613258,1933703.712,120
FP,2016-02-29,0.728,0.728,0.744,0.74,4170084,3084774.368,121
FP,2016-03-01,0.74,0.74,0.762,0.762,4533510,3406376.387,231
FP,2016-03-02,0.74,0.74,0.77,0.764,2434395,1864261.026,139
FP,2016-03-03,0.752,0.752,0.768,0.767,2773196,2116924.323,130
FP,2016-03-04,0.763,0.759,0.765,0.762,8881126,6750119.352,120
FP,2016-03-07,0.758,0.756,0.761,0.76,2071122,1572212.407,77
FP,2016-03-08,0.757,0.75,0.759,0.756,14483200,10955554.651,171
FP,2016-03-09,0.759,0.751,0.76,0.752,1260205,949303.233,73
FP,2016-03-10,0.75,0.75,0.757,0.755,1755427,1326388.955,110
FP,2016-03-11,0.758,0.745,0.76,0.745,11537578,8701217.649,198
FP,2016-03-14,0.758,0.752,0.761,0.76,6785698,5141505.066,113
FP,2016-03-15,0.758,0.754,0.761,0.76,4475212,3398939.745,86
FP,2016-03-16,0.76,0.757,0.77,0.77,2449602,1873089.154,141
FP,2016-03-17,0.77,0.763,0.773,0.766,5701932,4376561.125,172
FP,2016-03-18,0.764,0.764,0.778,0.778,8657790,6697811.754,299
FP,2016-03-21,0.777,0.72,0.78,0.774,5639013,4350665.55,298
FP,2016-03-22,0.774,0.772,0.779,0.779,2673655,2075151.494,107
FP,2016-03-23,0.775,0.775,0.778,0.775,5056466,3919609.192,72
FP,2016-03-24,0.77,0.77,0.778,0.775,3319831,2575353.557,117
FP,2016-03-25,0.776,0.771,0.776,0.776,742686,575268.486,63
FP,2016-03-28,0.771,0.771,0.777,0.776,290169,224840.108,72
FP,2016-03-29,0.77,0.765,0.777,0.776,5435165,4195467.581,107
FP,2016-03-30,0.777,0.768,0.777,0.773,19393476,14972461.305,95
FP,2016-03-31,0.774,0.763,0.775,0.771,2713136,2091712.287,75
FP,2016-04-01,0.771,0.764,0.773,0.765,3693314,2835726.04,67
FP,2016-04-04,0.76,0.76,0.772,0.765,2139112,1637736.591,76
FP,2016-04-05,0.763,0.758,0.764,0.762,2147309,1635585.527,71
FP,2016-04-06,0.763,0.758,0.763,0.759,21044130,15972577.618,56
FP,2016-04-07,0.76,0.757,0.764,0.763,848452,645516.998,45
FP,2016-04-08,0.763,0.763,0.767,0.765,1167137,892938.768,96
FP,2016-04-11,0.763,0.758,0.767,0.76,2794049,2126238.142,54
FP,2016-04-12,0.762,0.76,0.763,0.761,7002995,5330295.204,64
FP,2016-04-13,0.763,0.761,0.764,0.762,10908934,8313120.807,61
FP,2016-04-14,0.764,0.76,0.764,0.761,10251095,7803501.614,54
FP,2016-04-15,0.764,0.758,0.764,0.761,2140362,1627745.223,57
FP,2016-04-18,0.758,0.758,0.763,0.76,443557,337723.43,38
FP,2016-04-19,0.761,0.756,0.761,0.76,2536474,1928150.902,54
FP,2016-04-20,0.758,0.758,0.766,0.761,7628154,5821724.066,130
FP,2016-04-21,0.76,0.754,0.764,0.754,4279453,3252799.828,85
FP,2016-04-22,0.763,0.755,0.763,0.759,3995380,3024691.602,82
FP,2016-04-25,0.758,0.755,0.758,0.756,3124845,2364651.194,79
FP,2016-04-26,0.759,0.755,0.761,0.756,8572069,6491215.11,98
FP,2016-04-27,0.754,0.749,0.759,0.75,3861168,2901480.096,138
FP,2016-04-28,0.748,0.747,0.753,0.747,1657920,1243312.266,63
FP,2016-04-29,0.751,0.746,0.752,0.748,2516607,1883299.751,49
FP,2016-05-03,0.743,0.742,0.75,0.743,5951063,4430996.221,144
FP,2016-05-04,0.74,0.736,0.744,0.738,6342061,4680761.997,80
FP,2016-05-05,0.74,0.735,0.74,0.737,871113,641877.665,61
FP,2016-05-06,0.735,0.72,0.738,0.72,3220682,2347090.621,157
FP,2016-05-09,0.729,0.721,0.729,0.724,3903887,2825817.064,72
FP,2016-05-10,0.72,0.72,0.729,0.727,50579511,36720940.639,105
FP,2016-05-11,0.727,0.72,0.734,0.723,8465339,6169661.896,109
FP,2016-05-12,0.73,0.722,0.73,0.722,3150867,2282018.92,47
FP,2016-05-13,0.72,0.716,0.728,0.721,6296271,4532307.083,114
FP,2016-05-16,0.723,0.716,0.724,0.72,2005132,1441108.7619999999,73
FP,2016-05-17,0.722,0.72,0.726,0.726,6256529,4529030.216,95
FP,2016-05-18,0.725,0.723,0.743,0.742,2556438,1866870.162,129
FP,2016-05-19,0.732,0.729,0.745,0.742,4736724,3508636.375,115
FP,2016-05-20,0.746,0.722,0.746,0.722,7372990,5449098.073,116
FP,2016-05-23,0.721,0.721,0.733,0.733,929456,679806.581,62
FP,2016-05-24,0.729,0.725,0.731,0.73,7536750,5500798.199,84
FP,2016-05-25,0.726,0.725,0.731,0.728,998076,726321.38,99
FP,2016-05-26,0.728,0.725,0.732,0.731,1700841,1241163.521,99
FP,2016-05-27,0.732,0.721,0.734,0.721,841132,613872.602,104
FP,2016-05-30,0.724,0.723,0.734,0.73,4365236,3170182.259,111
FP,2016-05-31,0.735,0.728,0.738,0.736,4422640,3252780.373,106
FP,2016-06-01,0.737,0.735,0.74,0.74,5440804,4010615.498,128
FP,2016-06-02,0.74,0.74,0.765,0.757,17098109,12912785.097,354
FP,2016-06-03,0.715,0.712,0.735,0.727,9574784,6972135.376,306
FP,2016-06-06,0.728,0.726,0.73,0.728,10951110,7971834.214,120
FP,2016-06-07,0.727,0.725,0.73,0.726,2244040,1631678.121,83
FP,2016-06-08,0.726,0.725,0.734,0.733,3752069,2738778.39,107
FP,2016-06-09,0.731,0.72,0.733,0.72,5202754,3775791.277,138
FP,2016-06-10,0.726,0.705,0.73,0.71,4892446,3485857.874,154
FP,2016-06-13,0.71,0.702,0.728,0.705,1129576,799986.437,81
FP,2016-06-14,0.7,0.7,0.718,0.715,1123962,795844.031,70
FP,2016-06-15,0.717,0.709,0.717,0.711,1853948,1321432.063,75
FP,2016-06-16,0.713,0.701,0.716,0.702,1802960,1275350.625,97
FP,2016-06-17,0.701,0.7,0.709,0.701,974256,684163.08,124
FP,2016-06-21,0.709,0.699,0.716,0.7,7017020,4958634.662,231
FP,2016-06-22,0.708,0.699,0.708,0.705,15711102,11018931.139,201
FP,2016-06-23,0.702,0.702,0.706,0.703,1207423,850800.007,72
FP,2016-06-24,0.65,0.64,0.692,0.678,25801089,17502695.946,462
FP,2016-06-27,0.685,0.675,0.699,0.68,3887682,2645515.551,156
FP,2016-06-28,0.688,0.684,0.711,0.71,8803506,6202998.649,319
FP,2016-06-29,0.711,0.709,0.719,0.717,3222550,2308176.563,197
FP,2016-06-30,0.72,0.718,0.726,0.726,6499289,4693526.596,268
FP,2016-07-01,0.725,0.723,0.728,0.725,1052377,763466.941,143
FP,2016-07-04,0.723,0.722,0.738,0.738,5435860,3976494.781,199
FP,2016-07-05,0.726,0.725,0.765,0.76,11164205,8404269.978,469
FP,2016-07-06,0.764,0.741,0.764,0.752,2582432,1937047.2,174
FP,2016-07-07,0.75,0.749,0.754,0.749,1808241,1360191.443,109
FP,2016-07-08,0.747,0.745,0.753,0.745,4440757,3311906.846,171
FP,2016-07-11,0.745,0.745,0.753,0.753,1157812,867410.745,88
FP,2016-07-12,0.754,0.75,0.76,0.76,2291425,1734113.932,149
FP,2016-07-13,0.758,0.754,0.761,0.761,3995199,3027805.898,141
FP,2016-07-14,0.757,0.757,0.776,0.775,22052395,16964186.082,542
FP,2016-07-15,0.776,0.771,0.777,0.777,4708982,3641734.066,171
FP,2016-07-18,0.772,0.772,0.78,0.779,5796514,4505391.515,135
FP,2016-07-19,0.78,0.777,0.782,0.781,5183704,4043537.432,198
FP,2016-07-20,0.782,0.777,0.787,0.786,5134965,4027057.531,171
FP,2016-07-21,0.786,0.781,0.788,0.784,3007522,2367742.696,96
FP,2016-07-22,0.78,0.777,0.786,0.782,2986083,2336909.57,121
FP,2016-07-25,0.78,0.775,0.782,0.78,5343566,4169503.393,121
FP,2016-07-26,0.78,0.776,0.782,0.781,2863308,2233681.624,85
FP,2016-07-27,0.783,0.78,0.783,0.782,4464497,3488287.144,112
FP,2016-07-28,0.779,0.759,0.779,0.771,7000535,5369946.908,431
FP,2016-07-29,0.774,0.771,0.777,0.775,2830616,2190456.477,133
FP,2016-08-01,0.778,0.769,0.778,0.771,611235,471920.097,70
FP,2016-08-02,0.771,0.761,0.771,0.763,662462,506675.775,67
FP,2016-08-03,0.764,0.757,0.765,0.761,826130,627836.553,108
FP,2016-08-04,0.763,0.761,0.774,0.773,3127660,2403988.91,102
FP,2016-08-05,0.773,0.767,0.779,0.778,1565705,1213300.448,85
FP,2016-08-08,0.772,0.77,0.778,0.772,884866,686810.526,66
FP,2016-08-09,0.772,0.765,0.772,0.768,1170314,898349.786,90
FP,2016-08-10,0.77,0.763,0.772,0.77,1144109,879488.914,88
FP,2016-08-11,0.771,0.765,0.771,0.771,1986999,1526711.443,69
FP,2016-08-12,0.766,0.766,0.77,0.766,568383,435841.145,37
FP,2016-08-16,0.769,0.769,0.783,0.78,8114111,6305154.993,162
FP,2016-08-17,0.78,0.775,0.78,0.78,1991603,1551152.032,59
FP,2016-08-18,0.78,0.78,0.783,0.783,2414155,1887714.235,69
FP,2016-08-19,0.782,0.78,0.783,0.78,582693,454516.481,26
FP,2016-08-22,0.779,0.774,0.781,0.775,2018517,1566622.824,57
FP,2016-08-23,0.775,0.77,0.78,0.779,1778469,1381120.335,105
FP,2016-08-24,0.779,0.776,0.783,0.783,4558004,3555499.213,116
FP,2016-08-25,0.782,0.78,0.785,0.785,6469617,5073201.423,112
FP,2016-08-26,0.781,0.781,0.787,0.785,2360656,1853581.897,84
FP,2016-08-29,0.785,0.785,0.789,0.787,1636130,1289477.543,284
FP,2016-08-30,0.787,0.786,0.789,0.787,923849,726419.577,53
FP,2016-08-31,0.787,0.785,0.794,0.794,10391263,8213144.095,174
FP,2016-09-01,0.791,0.788,0.794,0.792,1128951,893515.586,56
FP,2016-09-02,0.787,0.787,0.791,0.79,3005770,2374603.097,87
FP,2016-09-05,0.791,0.786,0.794,0.794,9640030,7622804.189,178
FP,2016-09-06,0.79,0.789,0.795,0.791,9158072,7255638.721,145
FP,2016-09-07,0.792,0.791,0.807,0.807,4393982,3501329.643,159
FP,2016-09-08,0.798,0.798,0.82,0.8,27933989,22412511.802,495
FP,2016-09-09,0.798,0.782,0.798,0.788,15612012,12320548.003,269
FP,2016-09-12,0.776,0.773,0.782,0.78,30883488,24088769.943,181
FP,2016-09-13,0.785,0.775,0.788,0.784,4978269,3897553.099,80
FP,2016-09-14,0.784,0.78,0.785,0.785,777615,609737.32,65
FP,2016-09-15,0.777,0.777,0.785,0.785,1386784,1087309.564,63
FP,2016-09-16,0.786,0.785,0.787,0.785,10295343,8091277.081,95
FP,2016-09-19,0.785,0.785,0.795,0.795,20929843,16536202.83,203
FP,2016-09-20,0.796,0.795,0.799,0.799,7649720,6098818.744,166
FP,2016-09-21,0.8,0.797,0.803,0.802,12091555,9680960.427,138
FP,2016-09-22,0.802,0.798,0.803,0.8,15418044,12339994.041,104
FP,2016-09-23,0.798,0.79,0.802,0.802,21547606,17213256.572,243
FP,2016-09-26,0.802,0.794,0.802,0.8,4345426,3472217.241,106
FP,2016-09-27,0.8,0.796,0.802,0.801,4238717,3388616.937,101
FP,2016-09-28,0.801,0.796,0.801,0.8,23964183,19156120.495,97
FP,2016-09-29,0.8,0.798,0.807,0.806,6394847,5143305.706,191
FP,2016-09-30,0.804,0.798,0.804,0.803,1313904,1053211.414,75
FP,2016-10-03,0.8,0.8,0.805,0.802,870344,698942.716,62
FP,2016-10-04,0.804,0.801,0.81,0.81,12561426,10147692.188,130
FP,2016-10-05,0.803,0.803,0.808,0.808,2210829,1785785.937,89
FP,2016-10-06,0.809,0.805,0.809,0.806,2781094,2244137.229,77
FP,2016-10-07,0.805,0.8,0.806,0.802,3795600,3045810.196,76
FP,2016-10-10,0.802,0.8,0.806,0.806,3564922,2864433.95,105
FP,2016-10-11,0.804,0.802,0.805,0.804,3468827,2787176.214,52
FP,2016-10-12,0.805,0.802,0.807,0.807,3177227,2554082.071,60
FP,2016-10-13,0.807,0.802,0.807,0.807,3499210,2815989.199,100
FP,2016-10-14,0.808,0.8,0.808,0.805,9086577,7303824.016,111
FP,2016-10-17,0.804,0.802,0.805,0.803,779759,626274.267,33
FP,2016-10-18,0.8,0.798,0.803,0.801,3437850,2750388.954,72
FP,2016-10-19,0.799,0.798,0.804,0.804,2645811,2120618.821,104
FP,2016-10-20,0.804,0.803,0.806,0.806,6402072,5154062.654,67
FP,2016-10-21,0.806,0.804,0.806,0.806,5758911,4632065.178,41
FP,2016-10-24,0.806,0.801,0.806,0.805,8762720,7053954.695,47
FP,2016-10-25,0.803,0.803,0.805,0.805,2532915,2036559.01,55
FP,2016-10-26,0.804,0.798,0.805,0.804,11769233,9463272.137,74
FP,2016-10-27,0.805,0.802,0.806,0.806,20634466,16597294.47,84
FP,2016-10-28,0.806,0.805,0.807,0.805,20848702,16798008.186,68
FP,2016-10-31,0.806,0.8,0.807,0.806,4369021,3513525.187,107
FP,2016-11-01,0.806,0.799,0.806,0.805,21988167,17689245.903,104
FP,2016-11-02,0.804,0.804,0.806,0.804,2749862,2211161.528,53
FP,2016-11-03,0.802,0.8,0.804,0.803,5231208,4198935.999,66
FP,2016-11-04,0.804,0.793,0.804,0.8,3007280,2398996.377,131
FP,2016-11-07,0.8,0.798,0.801,0.799,4048113,3237685.215,39
FP,2016-11-08,0.798,0.79,0.8,0.791,2817738,2233487.447,139
FP,2016-11-09,0.785,0.77,0.795,0.788,19682595,15530229.801,218
FP,2016-11-10,0.788,0.788,0.797,0.793,3850472,3058042.874,62
FP,2016-11-11,0.795,0.792,0.795,0.793,1696510,1344432.941,65
FP,2016-11-14,0.795,0.793,0.797,0.795,3554704,2825560.872,49
FP,2016-11-15,0.798,0.793,0.798,0.795,1117634,887333.247,54
FP,2016-11-16,0.794,0.792,0.794,0.794,3229208,2563955.198,42
FP,2016-11-17,0.795,0.793,0.795,0.794,2138144,1697521.544,22
FP,2016-11-18,0.794,0.792,0.795,0.794,251707,199352.406,14
FP,2016-11-21,0.793,0.792,0.794,0.793,4271036,3386839.232,58
FP,2016-11-22,0.794,0.79,0.795,0.794,3210860,2543492.919,82
FP,2016-11-23,0.796,0.79,0.796,0.791,5416195,4289026.37,68
FP,2016-11-24,0.789,0.786,0.794,0.788,1956007,1539782.712,69
FP,2016-11-25,0.79,0.785,0.79,0.788,4455454,3508413.844,79
FP,2016-11-28,0.788,0.781,0.788,0.781,5174909,4058894.555,145
FP,2016-11-29,0.783,0.779,0.788,0.786,4728234,3699706.682,122
FP,2016-12-02,0.787,0.781,0.8,0.798,35913674,28411955.013,159
FP,2016-12-05,0.793,0.792,0.797,0.796,739123,586308.621,29
FP,2016-12-06,0.792,0.788,0.795,0.79,7454449,5889651.677,57
FP,2016-12-07,0.789,0.787,0.796,0.795,14399174,11442962.585,77
FP,2016-12-08,0.791,0.79,0.795,0.79,1306224,1032937.899,38
FP,2016-12-09,0.792,0.788,0.795,0.795,473372,373995.171,31
FP,2016-12-12,0.796,0.793,0.797,0.795,6081319,4835200.66,71
FP,2016-12-13,0.794,0.793,0.795,0.794,3763178,2987803.882,62
FP,2016-12-14,0.794,0.793,0.796,0.796,8147457,6478091.54,55
FP,2016-12-15,0.793,0.792,0.797,0.793,10856938,8610053.842,72
FP,2016-12-16,0.792,0.792,0.8,0.796,7913230,6313807.781,106
FP,2016-12-19,0.795,0.795,0.8,0.798,1235266,982325.451,63
FP,2016-12-20,0.797,0.792,0.797,0.796,2130609,1691457.318,62
FP,2016-12-21,0.796,0.791,0.796,0.792,2626764,2082416.398,49
FP,2016-12-22,0.795,0.792,0.797,0.796,8003536,6362571.324,54
FP,2016-12-23,0.792,0.791,0.797,0.793,621377,492599.143,39
FP,2016-12-27,0.794,0.791,0.794,0.793,273697,216776.512,50
FP,2016-12-28,0.792,0.79,0.794,0.793,913598,723374.679,69
FP,2016-12-29,0.792,0.792,0.795,0.792,1062793,843398.431,62
FP,2016-12-30,0.794,0.792,0.795,0.795,382676,303236.437,47
FP,2017-01-03,0.793,0.793,0.8,0.8,7041020,5613628.724,110
FP,2017-01-04,0.8,0.8,0.816,0.815,14515926,11726617.75,283
FP,2017-01-05,0.816,0.816,0.821,0.819,12084419,9895924.568,193
FP,2017-01-06,0.819,0.81,0.819,0.814,10879470,8866261.773,99
FP,2017-01-09,0.816,0.811,0.816,0.813,5774908,4702787.649,78
FP,2017-01-10,0.813,0.81,0.816,0.816,6520327,5304643.05,94
FP,2017-01-11,0.816,0.814,0.823,0.823,8479436,6943732.755,123
FP,2017-01-12,0.822,0.82,0.836,0.835,17020240,14190202.962,308
FP,2017-01-13,0.83,0.83,0.835,0.834,4216620,3513586.82,117
FP,2017-01-16,0.834,0.828,0.834,0.833,10049630,8342915.239,143
FP,2017-01-17,0.833,0.826,0.836,0.836,3085636,2573595.008,122
FP,2017-01-18,0.837,0.834,0.854,0.854,7764679,6570220.812,360
FP,2017-01-19,0.855,0.85,0.871,0.868,6062027,5235476.07,378
FP,2017-01-20,0.865,0.86,0.869,0.864,3046716,2632393.252,190
FP,2017-01-23,0.862,0.857,0.863,0.86,3102414,2665948.623,105
FP,2017-01-25,0.858,0.857,0.862,0.86,1544157,1328034.69,132
FP,2017-01-26,0.862,0.862,0.866,0.864,2143041,1851290.895,90
FP,2017-01-27,0.865,0.865,0.885,0.884,20909922,18395456.507,521
FP,2017-01-30,0.886,0.88,0.889,0.885,2851192,2524975.303,201
FP,2017-01-31,0.886,0.882,0.888,0.887,1855667,1644742.445,132
FP,2017-02-01,0.887,0.882,0.895,0.895,6802199,6040640.491,242
FP,2017-02-02,0.895,0.89,0.895,0.89,1128595,1006613.273,123
FP,2017-02-03,0.891,0.89,0.898,0.895,2614611,2334305.566,173
FP,2017-02-06,0.898,0.895,0.899,0.897,4369262,3922835.434,110
FP,2017-02-07,0.897,0.891,0.898,0.893,6132884,5486799.989,161
FP,2017-02-08,0.893,0.886,0.895,0.886,1283478,1141600.283,187
FP,2017-02-09,0.885,0.88,0.894,0.89,6068783,5372452.254,260
FP,2017-02-10,0.892,0.887,0.896,0.895,4084590,3640003.785,237
FP,2017-02-13,0.895,0.89,0.895,0.895,534376,476998.918,115
FP,2017-02-14,0.895,0.889,0.895,0.894,2199505,1959125.956,122
FP,2017-02-15,0.894,0.891,0.899,0.899,1241024,1111352.525,122
FP,2017-02-16,0.895,0.892,0.899,0.899,4723773,4229010.932,85
FP,2017-02-17,0.899,0.896,0.899,0.899,4933054,4429057.163,119
FP,2017-02-20,0.897,0.895,0.899,0.895,1034764,926907.082,105
FP,2017-02-21,0.898,0.898,0.902,0.901,3173156,2855788.847,115
FP,2017-02-22,0.902,0.901,0.917,0.917,6113377,5557632.325,319
FP,2017-02-23,0.914,0.911,0.922,0.92,4425819,4060492.03,240
FP,2017-02-24,0.917,0.904,0.92,0.905,3279181,2995520.674,259
FP,2017-02-27,0.905,0.905,0.915,0.915,1127320,1025909.654,94
FP,2017-02-28,0.914,0.905,0.914,0.91,3911125,3551383.769,88
FP,2017-03-01,0.91,0.909,0.913,0.913,3330944,3032969.939,98
FP,2017-03-02,0.912,0.911,0.913,0.912,1001750,913406.301,103
FP,2017-03-03,0.91,0.909,0.923,0.92,2355740,2160372.567,262
FP,2017-03-06,0.889,0.875,0.889,0.877,1824060,1605960.113,492
FP,2017-03-07,0.881,0.871,0.884,0.881,11553128,10165104.199,204
FP,2017-03-08,0.881,0.876,0.884,0.878,648499,568836.242,127
FP,2017-03-09,0.88,0.875,0.88,0.876,4475499,3920893.032,151
FP,2017-03-10,0.877,0.874,0.88,0.875,7232629,6334456.825,175
FP,2017-03-13,0.875,0.874,0.878,0.875,6171202,5398579.441,207
FP,2017-03-14,0.875,0.873,0.875,0.873,1349263,1180523.645,116
FP,2017-03-15,0.876,0.874,0.876,0.875,5747707,5029177.267,212
FP,2017-03-16,0.875,0.875,0.883,0.879,9769957,8588062.089,152
FP,2017-03-17,0.879,0.879,0.882,0.88,12647038,11130160.913,133
FP,2017-03-20,0.883,0.874,0.883,0.88,1884455,1658492.307,134
FP,2017-03-21,0.879,0.879,0.893,0.88,19032162,16873165.662,279
FP,2017-03-22,0.886,0.874,0.886,0.875,5317256,4673088.147,274
FP,2017-03-23,0.88,0.871,0.88,0.876,6499484,5706728.417,248
FP,2017-03-24,0.883,0.875,0.883,0.875,3373500,2956368.939,200
FP,2017-03-27,0.877,0.873,0.881,0.879,5235691,4592841.634,174
FP,2017-03-28,0.88,0.876,0.88,0.877,6198026,5436191.987,191
FP,2017-03-29,0.878,0.877,0.881,0.878,8237447,7239561.175,149
FP,2017-03-30,0.88,0.87,0.88,0.879,5311806,4660291.131,153
FP,2017-03-31,0.88,0.878,0.89,0.888,10525322,9282861.027,118
FP,2017-04-03,0.89,0.884,0.905,0.905,7711525,6922419.363,322
FP,2017-04-04,0.904,0.904,0.907,0.906,20268342,18357470.423,143
FP,2017-04-05,0.907,0.899,0.907,0.901,3641843,3287751.465,122
FP,2017-04-06,0.901,0.89,0.903,0.896,8522400,7666034.812,99
FP,2017-04-07,0.892,0.892,0.9,0.898,5934096,5332427.816,92
FP,2017-04-10,0.898,0.896,0.9,0.897,3940073,3537817.024,69
FP,2017-04-11,0.9,0.896,0.9,0.896,212821,191047.066,37
FP,2017-04-12,0.896,0.892,0.9,0.892,3322225,2977770.016,77
FP,2017-04-13,0.898,0.89,0.898,0.895,648098,581037.821,59
FP,2017-04-14,0.894,0.894,0.896,0.894,210917,188680.806,59
FP,2017-04-18,0.895,0.894,0.898,0.897,1848941,1655817.014,64
FP,2017-04-19,0.895,0.889,0.895,0.889,1699237,1514953.476,96
FP,2017-04-20,0.89,0.889,0.892,0.889,862016,767234.154,33
FP,2017-04-21,0.89,0.89,0.894,0.894,390494,348503.306,27
FP,2017-04-24,0.89,0.89,0.899,0.899,1030257,922102.829,90
FP,2017-04-25,0.891,0.891,0.897,0.892,3870054,3455052.424,66
FP,2017-04-26,0.894,0.889,0.894,0.893,613576,546732.104,34
FP,2017-04-27,0.889,0.889,0.894,0.893,6843642,6104644.357,65
FP,2017-04-28,0.891,0.891,0.9,0.9,9182407,8247584.836,198
FP,2017-05-02,0.9,0.895,0.9,0.895,10758017,9659647.13,69
FP,2017-05-03,0.895,0.891,0.897,0.893,1811940,1618073.893,60
FP,2017-05-04,0.891,0.887,0.891,0.887,4088880,3640166.233,85
FP,2017-05-05,0.89,0.887,0.895,0.895,5311323,4740030.713,98
FP,2017-05-08,0.896,0.892,0.899,0.897,705607,631293.996,82
FP,2017-05-09,0.899,0.896,0.901,0.9,1916749,1724421.886,112
FP,2017-05-10,0.9,0.89,0.9,0.896,4364548,3907706.109,81
FP,2017-05-11,0.9,0.896,0.9,0.896,3209079,2879498.381,75
FP,2017-05-12,0.901,0.899,0.904,0.899,4037468,3636791.282,79
FP,2017-05-15,0.904,0.902,0.918,0.917,9076958,8199412.659,110
FP,2017-05-16,0.916,0.898,0.92,0.898,8082976,7387468.906,135
FP,2017-05-17,0.915,0.906,0.918,0.918,3165504,2893806.688,129
FP,2017-05-18,0.918,0.906,0.918,0.91,3962981,3608545.267,72
FP,2017-05-19,0.91,0.908,0.913,0.91,5409422,4924152.668,52
FP,2017-05-22,0.909,0.908,0.919,0.915,8153431,7446481.454,121
FP,2017-05-23,0.916,0.91,0.916,0.912,3211485,2932299.5,84
FP,2017-05-24,0.911,0.911,0.915,0.914,4076890,3724847.822,114
FP,2017-05-25,0.915,0.912,0.916,0.914,16568316,15155835.249,138
FP,2017-05-26,0.916,0.912,0.925,0.925,3206624,2949010.521,129
FP,2017-05-29,0.92,0.917,0.921,0.918,3049934,2805877.09,83
FP,2017-05-30,0.919,0.913,0.923,0.913,378771,347648.487,101
FP,2017-05-31,0.917,0.91,0.918,0.912,3943155,3603282.931,175
FP,2017-06-06,0.92,0.913,0.92,0.918,1516262,1389217.895,107
FP,2017-06-07,0.918,0.915,0.918,0.916,16085744,14734781.271,106
FP,2017-06-08,0.918,0.916,0.924,0.92,15209802,14004083.815,226
FP,2017-06-09,0.877,0.869,0.88,0.872,8021440,7024241.985,347
FP,2017-06-12,0.87,0.855,0.871,0.868,3272548,2825933.841,251
FP,2017-06-13,0.869,0.861,0.87,0.863,8271370,7142082.55,93
FP,2017-06-14,0.869,0.862,0.869,0.866,9986763,8637664.019,98
FP,2017-06-15,0.865,0.859,0.866,0.866,3651047,3147367.584,146
FP,2017-06-16,0.866,0.863,0.881,0.881,5747899,4990515.418,170
FP,2017-06-19,0.881,0.869,0.882,0.871,8330935,7273815.763,106
FP,2017-06-20,0.876,0.871,0.877,0.877,3934209,3432348.593,79
FP,2017-06-21,0.877,0.87,0.878,0.876,3837637,3353363.431,60
FP,2017-06-22,0.878,0.87,0.878,0.87,182260,158576.886,39
FP,2017-06-23,0.872,0.87,0.872,0.872,4803448,4183599.755,41
FP,2017-06-26,0.87,0.866,0.872,0.869,6257388,5445238.656,69
FP,2017-06-27,0.87,0.857,0.87,0.86,2469377,2124437.573,78
FP,2017-06-28,0.864,0.855,0.864,0.857,1717669,1472938.066,108
FP,2017-06-29,0.855,0.815,0.862,0.823,14106594,11803216.792,419
FP,2017-06-30,0.844,0.826,0.844,0.83,11381690,9448500.532,222
FP,2017-07-03,0.835,0.83,0.84,0.84,2500421,2090099.256,174
FP,2017-07-04,0.844,0.84,0.856,0.856,4206414,3573396.863,102
FP,2017-07-05,0.856,0.853,0.874,0.874,4732050,4108882.891,183
FP,2017-07-06,0.875,0.87,0.876,0.87,9609480,8369796.784,120
FP,2017-07-07,0.871,0.87,0.874,0.87,793693,690884.245,57
FP,2017-07-10,0.874,0.868,0.874,0.87,3567058,3104293.619,75
FP,2017-07-11,0.875,0.861,0.875,0.87,10420701,9065517.354,96
FP,2017-07-12,0.87,0.864,0.87,0.868,1607788,1394718.696,63
FP,2017-07-13,0.866,0.859,0.869,0.859,2535841,2185217.16,151
FP,2017-07-14,0.858,0.848,0.859,0.852,3025041,2574531.145,134
FP,2017-07-17,0.87,0.87,0.875,0.872,4845772,4229535.269,162
FP,2017-07-18,0.872,0.87,0.875,0.875,2941960,2564666.92,136
FP,2017-07-19,0.875,0.868,0.875,0.87,1665193,1448872.399,115
FP,2017-07-20,0.872,0.87,0.873,0.872,8094014,7057612.713,79
FP,2017-07-21,0.872,0.87,0.873,0.87,36866595,32147406.107,121
FP,2017-07-24,0.873,0.87,0.873,0.87,224567,195373.636,64
FP,2017-07-25,0.87,0.867,0.875,0.871,2482967,2160560.737,94
FP,2017-07-26,0.874,0.87,0.874,0.873,2101346,1830978.914,69
FP,2017-07-27,0.873,0.87,0.873,0.87,100173,87261.286,54
FP,2017-07-28,0.873,0.869,0.873,0.873,2932792,2557326.371,58
FP,2017-07-31,0.873,0.87,0.876,0.872,7233653,6311918.722,149
FP,2017-08-01,0.871,0.866,0.873,0.871,1056483,919461.565,62
FP,2017-08-02,0.87,0.87,0.875,0.874,1668297,1455023.218,67
FP,2017-08-03,0.874,0.87,0.876,0.872,1360519,1187162.109,96
FP,2017-08-04,0.875,0.868,0.875,0.873,2435434,2120175.745,69
FP,2017-08-07,0.874,0.87,0.876,0.873,1941845,1697160.828,49
FP,2017-08-08,0.876,0.87,0.876,0.872,3167839,2763092.755,101
FP,2017-08-09,0.874,0.869,0.875,0.873,1611093,1402687.339,83
FP,2017-08-10,0.872,0.868,0.873,0.868,1529696,1328794.455,110
FP,2017-08-11,0.872,0.868,0.873,0.869,883138,768286.499,58
FP,2017-08-14,0.87,0.868,0.872,0.872,1035448,900211.454,84
FP,2017-08-16,0.872,0.867,0.873,0.871,1893670,1648961.803,60
FP,2017-08-17,0.872,0.87,0.873,0.87,6791048,5914076.581,77
FP,2017-08-18,0.87,0.86,0.875,0.86,3850568,3360985.16,92
FP,2017-08-21,0.873,0.868,0.874,0.87,2166252,1886630.184,60
FP,2017-08-22,0.873,0.868,0.873,0.868,8417067,7321686.631,75
FP,2017-08-23,0.868,0.867,0.874,0.874,4259244,3698749.656,79
FP,2017-08-24,0.867,0.867,0.875,0.87,2675896,2336772.252,72
FP,2017-08-25,0.874,0.866,0.875,0.875,1059762,921806.488,82
FP,2017-08-28,0.871,0.87,0.872,0.871,602560,524278.987,34
FP,2017-08-29,0.87,0.868,0.871,0.871,254924,221683.462,52
FP,2017-08-30,0.867,0.866,0.873,0.873,1015292,883805.134,62
FP,2017-08-31,0.873,0.867,0.873,0.87,12655803,10990884.176,124
FP,2017-09-01,0.867,0.865,0.872,0.872,8693787,7561591.818,35
FP,2017-09-04,0.866,0.865,0.869,0.865,1393421,1205595.4,35
FP,2017-09-05,0.87,0.863,0.87,0.863,4204918,3636723.875,100
FP,2017-09-06,0.862,0.86,0.862,0.86,1866654,1605831.95,90
FP,2017-09-07,0.86,0.854,0.862,0.855,1891508,1621383.622,105
FP,2017-09-08,0.835,0.83,0.854,0.834,11429347,9577767.27,424
FP,2017-09-11,0.838,0.832,0.856,0.849,8199000,6963404.401,96
FP,2017-09-12,0.855,0.84,0.856,0.842,4615149,3922340.932,106
FP,2017-09-13,0.85,0.847,0.855,0.852,11667759,9928743.942,132
FP,2017-09-14,0.857,0.855,0.86,0.858,5267599,4519111.188,95
FP,2017-09-15,0.86,0.856,0.864,0.863,2601120,2240394.716,84
FP,2017-09-18,0.865,0.859,0.865,0.86,2974607,2561043.321,78
FP,2017-09-19,0.859,0.849,0.859,0.852,1611407,1372035.699,127
FP,2017-09-20,0.854,0.85,0.855,0.855,699874,597733.801,50
FP,2017-09-21,0.855,0.853,0.855,0.853,4941873,4219052.233,41
FP,2017-09-22,0.855,0.84,0.855,0.841,1613600,1367757.318,125
FP,2017-09-25,0.849,0.845,0.85,0.845,24605635,20818892.561,72
FP,2017-09-26,0.854,0.847,0.854,0.85,17294146,14664113.28,53
FP,2017-09-27,0.85,0.845,0.851,0.847,4510533,3826246.933,72
FP,2017-09-28,0.847,0.842,0.847,0.844,1764267,1491145.783,143
FP,2017-09-29,0.845,0.842,0.848,0.845,12783987,10790210.254,204
FP,2017-10-02,0.848,0.843,0.851,0.851,4030351,3403670.504,32
FP,2017-10-03,0.85,0.85,0.851,0.85,486728,413726.146,34
FP,2017-10-04,0.85,0.847,0.851,0.85,1514957,1287799.943,59
FP,2017-10-05,0.852,0.85,0.854,0.851,7672432,6530333.648,29
FP,2017-10-06,0.855,0.848,0.855,0.848,4208218,3579552.158,71
FP,2017-10-09,0.854,0.848,0.854,0.851,2434576,2070310.262,57
FP,2017-10-10,0.853,0.849,0.854,0.85,3392250,2886609.568,33
FP,2017-10-11,0.85,0.849,0.854,0.849,8271396,7029083.663,49
FP,2017-10-12,0.852,0.842,0.852,0.842,2149978,1817648.156,110
FP,2017-10-13,0.844,0.842,0.845,0.845,5209221,4389604.223,64
FP,2017-10-16,0.842,0.842,0.845,0.845,8109069,6851597.3,75
FP,2017-10-17,0.844,0.842,0.846,0.845,10116860,8547740.989,59
FP,2017-10-18,0.845,0.842,0.85,0.85,5584766,4715963.814,110
FP,2017-10-19,0.85,0.841,0.85,0.843,12037017,10146508.63,69
FP,2017-10-20,0.85,0.842,0.85,0.845,4013190,3391077.208,25
FP,2017-10-23,0.844,0.844,0.849,0.845,1331711,1125625.136,33
FP,2017-10-24,0.845,0.838,0.845,0.845,6547517,5500850.213,101
FP,2017-10-25,0.841,0.84,0.845,0.845,1109377,936351.089,41
FP,2017-10-26,0.845,0.841,0.847,0.847,15995894,13516509.922,40
FP,2017-10-27,0.847,0.843,0.85,0.849,2136379,1812054.603,35
FP,2017-10-30,0.85,0.842,0.85,0.845,1908098,1611020.299,40
FP,2017-10-31,0.845,0.844,0.847,0.845,6069448,5126191.033,40
FP,2017-11-01,0.845,0.843,0.849,0.845,2264176,1916413.32,32
FP,2017-11-02,0.847,0.841,0.847,0.841,1501835,1268942.396,63
FP,2017-11-03,0.845,0.837,0.845,0.842,3299932,2768672.724,125
FP,2017-11-06,0.842,0.84,0.847,0.845,4612835,3890762.775,42
FP,2017-11-07,0.847,0.845,0.848,0.848,12067742,10197558.354,67
FP,2017-11-08,0.848,0.845,0.85,0.85,1554155,1317625.195,40
FP,2017-11-09,0.845,0.845,0.85,0.85,1011521,858092.131,42
FP,2017-11-10,0.85,0.844,0.85,0.85,3163001,2677521.237,71
FP,2017-11-13,0.85,0.838,0.85,0.844,1275626,1076655.665,87
FP,2017-11-14,0.844,0.841,0.845,0.845,3714326,3135480.345,33
FP,2017-11-15,0.849,0.844,0.849,0.844,55896,47255.08,23
FP,2017-11-16,0.845,0.836,0.845,0.84,2198905,1844852.432,119
FP,2017-11-17,0.846,0.838,0.846,0.84,1949062,1636102.835,75
FP,2017-11-20,0.844,0.837,0.844,0.838,4974556,4173487.183,82
FP,2017-11-21,0.838,0.838,0.84,0.839,1149967,964810.375,42
FP,2017-11-22,0.84,0.83,0.84,0.83,1712987,1433035.267,170
FP,2017-11-23,0.837,0.833,0.838,0.835,3682196,3074580.815,51
FP,2017-11-24,0.838,0.834,0.838,0.834,6799935,5678217.216,40
FP,2017-11-27,0.835,0.833,0.835,0.833,215456,179541.083,33
FP,2017-11-28,0.833,0.828,0.841,0.841,13560076,11356409.669,131
FP,2017-11-29,0.841,0.839,0.845,0.845,28491256,23947801.26,101
FP,2017-12-04,0.845,0.84,0.847,0.845,15250480,12870338.472,94
FP,2017-12-05,0.847,0.843,0.848,0.846,1056160,893507.892,36
FP,2017-12-06,0.846,0.843,0.849,0.847,7532117,6370843.705,42
FP,2017-12-07,0.843,0.84,0.845,0.844,2347973,1979742.691,60
FP,2017-12-08,0.847,0.84,0.847,0.847,2461049,2079046.56,27
FP,2017-12-11,0.847,0.837,0.85,0.845,4860944,4104017.643,87
FP,2017-12-12,0.842,0.835,0.846,0.845,11895623,10034392.504,88
FP,2017-12-13,0.845,0.835,0.845,0.84,8417748,7082180.002,125
FP,2017-12-14,0.84,0.835,0.841,0.84,5040114,4232461.288,74
FP,2017-12-15,0.84,0.838,0.86,0.859,21097729,17989541.38,144
FP,2017-12-18,0.861,0.86,0.867,0.867,99690541,86131418.321,99
FP,2017-12-19,0.868,0.865,0.871,0.869,3243865,2816010.92,96
FP,2017-12-20,0.869,0.865,0.873,0.87,15524767,13506475.373,74
FP,2017-12-21,0.873,0.858,0.873,0.858,5003592,4330896.698,92
FP,2017-12-22,0.866,0.862,0.866,0.862,1560796,1349842.69,30
FP,2017-12-27,0.865,0.854,0.865,0.857,1478229,1269559.981,74
FP,2017-12-28,0.86,0.855,0.864,0.863,1654787,1423770.041,45
FP,2017-12-29,0.864,0.858,0.865,0.864,680889,587639.486,49
FP,2018-01-03,0.87,0.863,0.89,0.89,1814568,1600329.841,99
FP,2018-01-04,0.888,0.881,0.891,0.891,4156011,3689800.325,96
FP,2018-01-05,0.891,0.884,0.892,0.892,2447037,2173159.143,86
FP,2018-01-08,0.892,0.884,0.892,0.89,1154367,1026478.089,31
FP,2018-01-09,0.892,0.887,0.892,0.891,5860870,5213301.187,50
FP,2018-01-10,0.887,0.885,0.892,0.892,15757227,14023511.262,83
FP,2018-01-11,0.91,0.908,0.915,0.912,5628624,5125198.721,188
FP,2018-01-12,0.914,0.91,0.916,0.915,12369234,11306704.91,94
FP,2018-01-15,0.915,0.909,0.918,0.916,4934990,4512066.777,102
FP,2018-01-16,0.917,0.909,0.917,0.914,3543493,3230400.926,69
FP,2018-01-17,0.915,0.913,0.92,0.92,5030791,4612919.335,88
FP,2018-01-18,0.917,0.915,0.92,0.92,3773084,3470162.408,76
FP,2018-01-19,0.92,0.916,0.923,0.922,2185397,2010830.705,52
FP,2018-01-22,0.922,0.916,0.924,0.924,5854028,5393852.68,100
FP,2018-01-23,0.923,0.915,0.923,0.921,12412165,11441703.567,60
FP,2018-01-25,0.921,0.912,0.921,0.916,1142274,1045886.811,42
FP,2018-01-26,0.918,0.914,0.918,0.916,4324690,3957002.063,39
FP,2018-01-29,0.914,0.912,0.916,0.916,293925,268619.557,22
FP,2018-01-30,0.912,0.904,0.912,0.91,4725686,4292378.219,94
FP,2018-01-31,0.91,0.906,0.92,0.92,1917702,1751558.271,49
FP,2018-02-01,0.915,0.907,0.915,0.91,1153848,1049252.777,49
FP,2018-02-02,0.909,0.904,0.91,0.907,768413,697517.646,32
FP,2018-02-05,0.905,0.898,0.905,0.904,3716938,3343988.452,75
FP,2018-02-06,0.898,0.881,0.898,0.892,6288155,5588178.525,216
FP,2018-02-07,0.91,0.89,0.91,0.894,2607281,2329705.151,64
FP,2018-02-08,0.897,0.886,0.898,0.895,3284192,2922974.399,93
FP,2018-02-09,0.895,0.886,0.895,0.891,926403,823582.179,34
FP,2018-02-12,0.899,0.89,0.899,0.892,1217772,1086875.301,65
FP,2018-02-13,0.89,0.888,0.894,0.893,3462853,3090998.971,34
FP,2018-02-14,0.893,0.89,0.893,0.893,1438681,1283106.006,32
FP,2018-02-15,0.893,0.893,0.919,0.919,5955494,5387236.325,97
FP,2018-02-16,0.919,0.916,0.919,0.919,640195,587832.084,38
FP,2018-02-19,0.919,0.912,0.92,0.917,5109798,4674954.699,54
FP,2018-02-20,0.916,0.915,0.917,0.917,1188649,1089042.118,40
FP,2018-02-21,0.915,0.91,0.916,0.914,1681791,1537266.514,34
FP,2018-02-22,0.912,0.908,0.914,0.914,965330,880611.208,29
FP,2018-02-23,0.905,0.905,0.935,0.935,1828105,1689452.031,94
FP,2018-02-26,0.93,0.917,0.933,0.929,13184542,12239193.067,197
FP,2018-02-27,0.928,0.923,0.928,0.926,9918466,9181797.028,77
FP,2018-02-28,0.923,0.922,0.927,0.925,1806807,1670209.78,59
FP,2018-03-01,0.925,0.921,0.926,0.926,322265,297384.99,46
FP,2018-03-02,0.926,0.918,0.926,0.926,1886281,1737512.892,68
FP,2018-03-05,0.926,0.924,0.927,0.927,78995,73102.687,21
FP,2018-03-06,0.927,0.925,0.928,0.927,8245306,7647725.649,61
FP,2018-03-07,0.929,0.927,0.929,0.929,11309186,10484314.095,57
FP,2018-03-08,0.926,0.926,0.93,0.928,8531778,7908971.038,46
FP,2018-03-09,0.928,0.926,0.928,0.928,20056075,18592306.684,30
FP,2018-03-12,0.926,0.924,0.928,0.925,435303,403410.022,42
FP,2018-03-13,0.926,0.926,0.931,0.93,1962379,1824150.796,65
FP,2018-03-14,0.932,0.931,0.937,0.935,8998372,8412959.226,89
FP,2018-03-15,0.936,0.932,0.936,0.935,9992428,9342575.913,55
FP,2018-03-16,0.935,0.932,0.935,0.935,11831843,11062069.217,71
FP,2018-03-19,0.937,0.933,0.937,0.936,10295198,9625876.282,56
FP,2018-03-20,0.937,0.932,0.937,0.937,10701779,10005647.697,32
FP,2018-03-21,0.933,0.931,0.936,0.935,7317524,6841758.755,35
FP,2018-03-22,0.934,0.932,0.935,0.932,236936,221041.332,31
FP,2018-03-23,0.931,0.926,0.934,0.934,1358729,1263769.713,75
FP,2018-03-26,0.934,0.928,0.934,0.932,12044820,11225795.763,41
FP,2018-03-27,0.935,0.93,0.936,0.932,13852983,12911341.264,60
FP,2018-03-28,0.934,0.926,0.934,0.932,2909226,2702763.563,54
FP,2018-03-29,0.925,0.925,0.932,0.932,57234,53182.655,17
FP,2018-03-30,0.934,0.93,0.934,0.934,362767,337569.422,22
FP,2018-04-02,0.934,0.929,0.939,0.939,386397,361527.808,43
FP,2018-04-03,0.932,0.931,0.949,0.948,1136892,1066833.81,59
FP,2018-04-04,0.947,0.943,0.949,0.946,2527854,2385887.185,40
FP,2018-04-05,0.948,0.942,0.957,0.956,1552841,1473929.278,53
FP,2018-04-10,0.953,0.953,0.967,0.967,3172418,3034540.175,50
FP,2018-04-11,0.96,0.96,0.967,0.96,1786129,1716127.307,51
FP,2018-04-12,0.964,0.96,0.975,0.974,3828269,3700584.566,94
FP,2018-04-13,0.974,0.961,0.974,0.97,3736641,3621261.455,44
FP,2018-04-16,0.97,0.966,0.974,0.97,1397320,1353844.136,51
FP,2018-04-17,0.97,0.964,0.97,0.97,3213227,3113429.467,38
FP,2018-04-18,0.969,0.956,0.97,0.959,3840427,3690135.277,98
FP,2018-04-19,0.959,0.955,0.962,0.96,12483723,11980806.313,70
FP,2018-04-20,0.955,0.95,0.955,0.952,11895104,11323915.967,66
FP,2018-04-23,0.954,0.954,0.962,0.962,10928695,10490104.213,68
FP,2018-04-24,0.968,0.96,0.969,0.969,981604,948043.44,36
FP,2018-04-25,0.969,0.964,0.97,0.964,16034931,15477154.647,56
FP,2018-04-26,0.969,0.96,0.969,0.96,3856700,3712911.562,46
FP,2018-04-27,0.955,0.955,0.958,0.955,626184,598107.154,37
FP,2018-04-30,0.955,0.95,0.955,0.952,895371,851454.163,45
FP,2018-05-02,0.958,0.955,0.958,0.956,7062651,6745292.997,30
FP,2018-05-03,0.96,0.955,0.96,0.957,1124429,1074028.876,51
FP,2018-05-04,0.958,0.955,0.958,0.955,145910,139345.55,12
FP,2018-05-07,0.958,0.953,0.96,0.96,2645389,2537716.156,57
FP,2018-05-08,0.965,0.945,0.965,0.945,1533877,1468451.12,37
FP,2018-05-09,0.954,0.948,0.96,0.96,1325375,1266733.191,31
FP,2018-05-10,0.96,0.96,0.968,0.968,885119,853659.02,27
FP,2018-05-11,0.968,0.964,0.971,0.971,5176982,5016557.23,63
FP,2018-05-14,0.971,0.965,0.971,0.97,980036,950665.742,22
FP,2018-05-15,0.968,0.964,0.971,0.971,1443423,1399967.869,53
FP,2018-05-16,0.971,0.97,0.974,0.974,3494603,3392985.579,51
FP,2018-05-17,0.971,0.967,0.972,0.967,21788274,21133797.28,52
FP,2018-05-18,0.965,0.965,0.971,0.967,3132838,3036375.927,60
FP,2018-05-21,0.963,0.955,0.969,0.96,3826948,3674760.859,59
FP,2018-05-22,0.964,0.96,0.972,0.972,295883,287004.994,27
FP,2018-05-23,0.964,0.964,0.971,0.97,221298,214386.844,14
FP,2018-05-24,0.969,0.969,0.971,0.969,465224,450802.256,12
FP,2018-05-25,0.97,0.97,0.972,0.972,2564908,2488807.958,33
FP,2018-05-29,0.972,0.966,0.972,0.971,720303,698818.187,16
FP,2018-05-30,0.967,0.96,0.967,0.965,2503893,2406566.842,51
FP,2018-05-31,0.96,0.945,0.965,0.965,1189740,1134817.454,53
FP,2018-06-04,0.964,0.957,0.964,0.96,4115799,3951232.942,89
FP,2018-06-05,0.965,0.956,0.965,0.96,5768831,5536640.871,92
FP,2018-06-06,0.962,0.96,0.965,0.96,10607663,10187632.554,120
FP,2018-06-07,0.959,0.959,0.964,0.96,13734811,13187556.769,161
FP,2018-06-08,0.91,0.899,0.91,0.9,7246764,6523397.629,134
FP,2018-06-11,0.9,0.898,0.905,0.899,3534844,3181584.333,44
FP,2018-06-12,0.902,0.9,0.904,0.9,2385720,2147191.512,30
FP,2018-06-13,0.9,0.898,0.9,0.9,1897905,1708024.8,45
FP,2018-06-14,0.897,0.892,0.897,0.892,1542710,1380341.787,68
FP,2018-06-15,0.892,0.892,0.898,0.895,5550026,4953136.835,82
FP,2018-06-18,0.895,0.894,0.898,0.894,428341,383021.366,28
FP,2018-06-19,0.898,0.893,0.898,0.897,2003849,1793549.594,42
FP,2018-06-20,0.895,0.891,0.897,0.893,2785852,2486989.488,47
FP,2018-06-21,0.896,0.884,0.896,0.89,1085771,966593.354,60
FP,2018-06-22,0.89,0.887,0.891,0.89,1988055,1769262.574,23
FP,2018-06-25,0.891,0.883,0.892,0.883,1673471,1486443.976,31
FP,2018-06-26,0.896,0.884,0.896,0.884,3935782,3479986.488,30
FP,2018-06-27,0.884,0.883,0.888,0.884,2147650,1898542.973,31
FP,2018-06-28,0.89,0.881,0.89,0.883,3245715,2867708.515,43
FP,2018-06-29,0.886,0.883,0.887,0.884,2583778,2284521.091,59
FP,2018-07-02,0.896,0.88,0.896,0.88,1820198,1608007.215,61
FP,2018-07-03,0.885,0.878,0.885,0.882,5423262,4790456.874,58
FP,2018-07-04,0.883,0.855,0.883,0.855,2681501,2358805.207,50
FP,2018-07-05,0.87,0.864,0.892,0.882,6010513,5288201.558,83
FP,2018-07-06,0.887,0.883,0.888,0.884,1899950,1679516.751,21
FP,2018-07-09,0.884,0.879,0.884,0.88,720176,634252.54,28
FP,2018-07-10,0.885,0.88,0.885,0.88,3717144,3278260.403,46
FP,2018-07-11,0.882,0.878,0.885,0.88,1423402,1252771.713,29
FP,2018-07-12,0.88,0.88,0.883,0.883,542783,478381.7,15
FP,2018-07-13,0.883,0.876,0.885,0.885,1368540,1207368.41,30
FP,2018-07-16,0.89,0.885,0.89,0.89,1825754,1618407.28,25
FP,2018-07-17,0.89,0.88,0.89,0.887,1465703,1301933.076,45
FP,2018-07-18,0.885,0.885,0.889,0.889,512095,454748.849,21
FP,2018-07-19,0.887,0.887,0.888,0.887,156476,138815.977,15
FP,2018-07-20,0.889,0.887,0.89,0.887,322814,286964.308,24
FP,2018-07-23,0.888,0.882,0.89,0.89,3316488,2938611.086,34
FP,2018-07-24,0.886,0.882,0.89,0.882,685650,606296.537,35
FP,2018-07-25,0.884,0.882,0.888,0.885,288685,255439.914,19
FP,2018-07-26,0.89,0.884,0.892,0.89,3097980,2757679.088,30
FP,2018-07-27,0.89,0.888,0.89,0.889,2483074,2209855.513,23
FP,2018-07-30,0.89,0.885,0.89,0.888,1693448,1504904.122,70
FP,2018-07-31,0.887,0.885,0.888,0.885,1635490,1451604.55,38
FP,2018-08-01,0.892,0.869,0.892,0.877,10581463,9250023.778,165
FP,2018-08-02,0.892,0.87,0.895,0.872,7971965,6940820.257,65
FP,2018-08-03,0.875,0.871,0.882,0.882,901621,787671.897,32
FP,2018-08-06,0.882,0.882,0.892,0.89,1461454,1298121.346,45
FP,2018-08-07,0.888,0.885,0.89,0.89,1239462,1101347.856,43
FP,2018-08-08,0.888,0.887,0.89,0.889,1252111,1113703.559,56
FP,2018-08-09,0.89,0.888,0.89,0.89,5945301,5291298.01,18
FP,2018-08-10,0.892,0.887,0.892,0.888,8244624,7337528.619,32
FP,2018-08-13,0.887,0.885,0.888,0.888,939865,834509.17,20
FP,2018-08-14,0.888,0.884,0.888,0.888,1799965,1597716.565,33
FP,2018-08-16,0.888,0.882,0.888,0.885,6904763,6118188.098,42
FP,2018-08-17,0.882,0.881,0.888,0.883,3384054,2988961.902,48
FP,2018-08-20,0.885,0.88,0.888,0.885,1515683,1340140.303,37
FP,2018-08-21,0.888,0.88,0.888,0.882,294820,260462.837,31
FP,2018-08-22,0.888,0.887,0.89,0.89,6624558,5882683.163,38
FP,2018-08-23,0.888,0.888,0.9,0.9,2117796,1888052.789,42
FP,2018-08-24,0.903,0.902,0.93,0.925,5143637,4695181.285,91
FP,2018-08-27,0.934,0.925,0.934,0.93,1104088,1026512.929,62
FP,2018-08-28,0.925,0.92,0.93,0.93,2767778,2561612.318,53
FP,2018-08-29,0.925,0.923,0.927,0.925,1760174,1627717.133,24
FP,2018-08-30,0.916,0.898,0.92,0.92,10599808,9653399.535,83
FP,2018-08-31,0.924,0.909,0.924,0.91,6189856,5656600.23,37
FP,2018-09-03,0.925,0.91,0.925,0.916,992230,907014.696,39
FP,2018-09-04,0.924,0.918,0.924,0.92,2662737,2449709.026,17
FP,2018-09-05,0.918,0.912,0.918,0.915,3329125,3046130.843,27
FP,2018-09-06,0.918,0.91,0.918,0.91,2857220,2604793.82,45
FP,2018-09-07,0.91,0.9,0.91,0.9,13208936,11890586.836,69
FP,2018-09-10,0.91,0.898,0.91,0.899,907837,817074.962,31
FP,2018-09-11,0.9,0.898,0.904,0.898,2944573,2649644.06,19
FP,2018-09-12,0.899,0.897,0.9,0.898,1000650,899988.468,33
FP,2018-09-13,0.897,0.895,0.899,0.899,683086,613160,26
FP,2018-09-14,0.898,0.896,0.9,0.896,1865394,1675338.814,37
FP,2018-09-17,0.895,0.893,0.899,0.894,7605045,6814397.196,24
FP,2018-09-18,0.894,0.893,0.896,0.895,17988663,16082546.026,28
FP,2018-09-19,0.9,0.9,0.91,0.905,2385352,2158874.599,34
FP,2018-09-20,0.905,0.9,0.906,0.906,5539534,5005504.261,34
FP,2018-09-21,0.906,0.905,0.92,0.911,22236893,20353134.865,90
FP,2018-09-24,0.925,0.906,0.925,0.92,5705262,5238925.7,62
FP,2018-09-25,0.92,0.91,0.92,0.918,5887983,5393420.177,25
FP,2018-09-26,0.912,0.912,0.926,0.926,4938834,4547417.333,59
FP,2018-09-27,0.928,0.922,0.93,0.93,4835460,4486628.343,57
FP,2018-09-28,0.931,0.926,0.931,0.931,2493005,2318300.283,37
FP,2018-10-01,0.933,0.926,0.933,0.93,2564238,2382745.998,43
FP,2018-10-02,0.927,0.925,0.93,0.929,2381445,2210381.227,28
FP,2018-10-03,0.927,0.922,0.932,0.924,1537492,1427871.969,30
FP,2018-10-04,0.927,0.927,0.932,0.93,5734095,5331551.54,24
FP,2018-10-05,0.933,0.926,0.936,0.936,1258319,1171807.059,50
FP,2018-10-08,0.936,0.93,0.936,0.93,1687420,1573337.8,17
FP,2018-10-09,0.932,0.928,0.932,0.93,1424570,1324811.678,14
FP,2018-10-10,0.934,0.919,0.934,0.919,2048992,1903579.098,27
FP,2018-10-11,0.918,0.918,0.93,0.927,3232912,2981186.852,68
FP,2018-10-12,0.92,0.92,0.927,0.92,4716646,4341599.326,52
FP,2018-10-15,0.924,0.921,0.93,0.93,695710,645271.698,37
FP,2018-10-16,0.93,0.93,0.938,0.938,3655395,3416664.048,50
FP,2018-10-17,0.933,0.933,0.97,0.97,11758916,11038087.9,102
FP,2018-10-18,0.961,0.943,0.961,0.944,3420583,3251814.36,63
FP,2018-10-19,0.946,0.944,0.95,0.946,3738245,3538320.03,48
FP,2018-10-22,0.959,0.943,0.959,0.944,2821557,2664024.825,38
FP,2018-10-23,0.944,0.937,0.95,0.946,1711474,1614728.973,55
FP,2018-10-24,0.942,0.942,0.952,0.95,4735285,4502491.81,40
FP,2018-10-25,0.95,0.934,0.95,0.937,2458723,2307511.435,44
FP,2018-10-26,0.945,0.92,0.952,0.928,6851469,6370031.183,112
FP,2018-10-29,0.942,0.935,0.944,0.942,1531506,1440091.13,37
FP,2018-10-30,0.945,0.941,0.95,0.943,1844837,1740682.987,28
FP,2018-10-31,0.944,0.94,0.945,0.941,1875562,1765110.412,21
FP,2018-11-01,0.95,0.94,0.95,0.95,1290073,1222140.35,30
FP,2018-11-02,0.95,0.94,0.95,0.943,1461170,1375146.334,26
FP,2018-11-05,0.946,0.935,0.946,0.94,2687158,2523895.611,37
FP,2018-11-06,0.94,0.939,0.946,0.946,1020580,959603.157,21
FP,2018-11-07,0.948,0.94,0.948,0.942,2597017,2453562.7,23
FP,2018-11-08,0.943,0.901,0.949,0.901,1919991,1798770.72,54
FP,2018-11-09,0.94,0.94,0.945,0.942,1779658,1679557.706,31
FP,2018-11-12,0.938,0.938,0.947,0.942,639419,603949.769,17
FP,2018-11-13,0.945,0.94,0.945,0.945,3619990,3418826.119,39
FP,2018-11-14,0.942,0.942,0.945,0.945,1530847,1445646.358,26
FP,2018-11-15,0.945,0.94,0.945,0.945,2312480,2184985.196,21
FP,2018-11-16,0.94,0.936,0.944,0.944,2178464,2047166.424,48
FP,2018-11-19,0.94,0.938,0.946,0.946,727845,684305.11,25
FP,2018-11-20,0.941,0.94,0.945,0.943,2707431,2552454.807,27
FP,2018-11-21,0.94,0.94,0.946,0.946,2714589,2558881.66,30
FP,2018-11-22,0.946,0.94,0.946,0.944,471243,445004.7,21
FP,2018-11-23,0.944,0.935,0.944,0.935,2135324,1999530.472,43
FP,2018-11-26,0.939,0.933,0.939,0.934,512032,478243.222,27
FP,2018-11-27,0.938,0.933,0.945,0.945,1105378,1040326.888,30
FP,2018-11-28,0.945,0.94,0.945,0.94,2672416,2519133.497,29
FP,2018-11-29,0.94,0.94,0.943,0.941,908937,854627.711,22
FP,2018-12-03,0.941,0.936,0.944,0.944,3487657,3276497.429,67
FP,2018-12-04,0.944,0.942,0.954,0.952,2517740,2392319.346,61
FP,2018-12-05,0.952,0.95,0.954,0.954,2926937,2783896.292,31
FP,2018-12-06,0.95,0.948,0.952,0.95,5285389,5017257.992,44
FP,2018-12-07,0.952,0.948,0.953,0.951,707331,671160.54,23
FP,2018-12-10,0.954,0.947,0.954,0.949,2048746,1943479.542,20
FP,2018-12-11,0.946,0.946,0.954,0.954,1497517,1419316.386,26
FP,2018-12-12,0.95,0.948,0.969,0.969,1946216,1863048.501,56
FP,2018-12-13,0.96,0.956,0.97,0.97,2292801,2206264.288,59
FP,2018-12-14,0.969,0.957,0.969,0.962,702000,673727.14,15
FP,2018-12-17,0.966,0.965,0.973,0.973,7866111,7635611.391,97
FP,2018-12-18,0.974,0.954,0.974,0.954,2975989,2859285.628,47
FP,2018-12-19,0.94,0.901,0.94,0.928,17041732,15571622.05,262
FP,2018-12-20,0.935,0.885,0.935,0.89,6891744,6177287.2,181
FP,2018-12-21,0.9,0.84,0.9,0.84,6464439,5574355.215,189
FP,2018-12-24,0.84,0.835,0.88,0.88,4017722,3443224.79,66
FP,2018-12-27,0.885,0.866,0.889,0.886,5572986,4900274.669,160
FP,2018-12-28,0.883,0.88,0.886,0.885,2313387,2035953.033,55
FP,2018-12-31,0.885,0.883,0.89,0.883,725732,640944.784,39
FP,2019-01-03,0.883,0.883,0.889,0.887,4082907,3621790.577,54
FP,2019-01-04,0.887,0.885,0.9,0.9,3517800,3136940.095,85
FP,2019-01-07,0.897,0.897,0.905,0.9,2387998,2151712.344,50
FP,2019-01-08,0.9,0.877,0.903,0.877,15104425,13586747.627,84
FP,2019-01-09,0.889,0.885,0.89,0.885,2545241,2261264.113,46
FP,2019-01-10,0.89,0.878,0.89,0.886,2855028,2517959.712,40
FP,2019-01-11,0.885,0.877,0.885,0.877,3006831,2645110.444,36
FP,2019-01-14,0.88,0.863,0.88,0.863,3921532,3416936.087,65
FP,2019-01-15,0.878,0.84,0.878,0.85,5450093,4632898.805,176
FP,2019-01-16,0.855,0.835,0.86,0.849,5069177,4293100.732,153
FP,2019-01-17,0.848,0.843,0.85,0.845,3224396,2722267.833,66
FP,2019-01-18,0.858,0.831,0.858,0.831,3982620,3375205.501,120
FP,2019-01-21,0.83,0.808,0.83,0.825,4760810,3902862.823,236
FP,2019-01-22,0.825,0.82,0.828,0.82,4043481,3329193.415,49
FP,2019-01-23,0.815,0.815,0.83,0.818,2799721,2297411.272,64
FP,2019-01-25,0.825,0.793,0.825,0.8,11055191,8858789.398,242
FP,2019-01-28,0.819,0.804,0.819,0.815,1949616,1581377.395,55
FP,2019-01-29,0.815,0.812,0.82,0.815,7373981,6032567.758,88
FP,2019-01-30,0.81,0.81,0.824,0.823,2157034,1762430.695,39
FP,2019-01-31,0.82,0.805,0.821,0.805,3731332,3044215.576,58
FP,2019-02-01,0.805,0.8,0.816,0.802,4499195,3614226.143,108
FP,2019-02-04,0.8,0.798,0.815,0.815,5070734,4074903.29,109
FP,2019-02-05,0.82,0.815,0.824,0.819,3462763,2840868.454,85
FP,2019-02-06,0.82,0.818,0.824,0.822,1660262,1364056.814,50
FP,2019-02-07,0.82,0.82,0.829,0.823,4983151,4113507.127,110
FP,2019-02-08,0.823,0.822,0.838,0.83,4012702,3321922.907,82
FP,2019-02-11,0.838,0.817,0.838,0.825,5400592,4439788.356,134
FP,2019-02-12,0.83,0.824,0.83,0.824,3954820,3265231.588,55
FP,2019-02-13,0.83,0.827,0.853,0.838,9244685,7721282.884,162
FP,2019-02-14,0.848,0.842,0.855,0.85,9871763,8392984.195,178
FP,2019-02-15,0.86,0.86,0.88,0.88,7953571,6929394.898,235
FP,2019-02-18,0.88,0.873,0.887,0.887,3231784,2851337.157,121
FP,2019-02-19,0.885,0.877,0.887,0.885,2089939,1843313.808,70
FP,2019-02-20,0.89,0.88,0.89,0.88,1476113,1309929.451,44
FP,2019-02-21,0.875,0.875,0.89,0.89,1379571,1221061.65,55
FP,2019-02-22,0.894,0.89,0.895,0.892,1112299,990289.803,54
FP,2019-02-25,0.895,0.885,0.896,0.89,1197539,1065863.278,51
FP,2019-02-26,0.89,0.885,0.892,0.889,1428109,1267621.02,65
FP,2019-02-27,0.889,0.876,0.889,0.876,1921383,1699380.883,84
FP,2019-02-28,0.882,0.882,0.885,0.882,3364821,2971289.701,38
FP,2019-03-01,0.88,0.876,0.888,0.878,1658082,1461364.626,43
FP,2019-03-04,0.888,0.875,0.888,0.88,2536774,2234673.072,69
FP,2019-03-05,0.876,0.876,0.88,0.88,1506877,1324421.541,55
FP,2019-03-06,0.885,0.882,0.889,0.885,4515070,3998259.812,108
FP,2019-03-07,0.889,0.884,0.889,0.885,1391860,1231691.5,29
FP,2019-03-08,0.889,0.881,0.889,0.885,2410231,2132567.797,61
FP,2019-03-11,0.888,0.885,0.895,0.895,3452447,3079678.273,47
FP,2019-03-12,0.892,0.89,0.892,0.891,3492060,3109991.885,45
FP,2019-03-13,0.891,0.888,0.892,0.888,3988982,3550510.47,70
FP,2019-03-14,0.889,0.88,0.889,0.883,1143492,1011076.598,62
FP,2019-03-15,0.887,0.881,0.887,0.881,5330208,4701345.778,42
FP,2019-03-18,0.885,0.879,0.885,0.882,2267135,2005182.533,66
FP,2019-03-19,0.885,0.882,0.887,0.886,2699659,2389692.153,51
FP,2019-03-20,0.883,0.883,0.901,0.894,12692227,11411229.908,134
FP,2019-03-21,0.9,0.9,0.905,0.904,22767885,20515352.119,108
FP,2019-03-22,0.905,0.895,0.905,0.895,8573674,7727243.205,78
FP,2019-03-25,0.89,0.881,0.896,0.892,6277312,5601068.938,77
FP,2019-03-26,0.895,0.895,0.903,0.902,6261446,5633814.122,53
FP,2019-03-27,0.902,0.902,0.909,0.907,2449845,2214521.344,82
FP,2019-03-28,0.908,0.903,0.913,0.909,6827432,6181611.584,86
FP,2019-03-29,0.913,0.913,0.924,0.915,1983109,1822304.36,60
FP,2019-04-01,0.92,0.92,0.928,0.926,1764966,1634809.846,50
FP,2019-04-02,0.928,0.92,0.928,0.922,3759687,3480708.77,52
FP,2019-04-03,0.926,0.922,0.926,0.924,2316659,2142808.444,45
FP,2019-04-04,0.916,0.916,0.926,0.924,1642937,1518606.508,35
FP,2019-04-05,0.922,0.92,0.926,0.924,1653211,1528494.882,31
FP,2019-04-08,0.926,0.92,0.926,0.92,6985197,6430037.99,71
FP,2019-04-09,0.924,0.922,0.948,0.938,6734588,6253336.408,87
FP,2019-04-10,0.94,0.938,0.95,0.946,2524491,2376508.948,66
FP,2019-04-11,0.948,0.946,0.958,0.956,2503233,2375810.106,92
FP,2019-04-12,0.958,0.932,0.958,0.932,2796269,2657593.958,79
FP,2019-04-15,0.952,0.944,0.952,0.948,1450295,1374996.888,32
FP,2019-04-16,0.948,0.934,0.948,0.942,1477420,1387477.526,33
FP,2019-04-17,0.95,0.938,0.954,0.954,3452891,3263335.89,60
FP,2019-04-18,0.952,0.946,0.954,0.954,7309942,6948893.206,43
FP,2019-04-19,0.954,0.954,0.96,0.96,1401513,1340159.542,46
FP,2019-04-22,0.958,0.954,0.962,0.96,6601720,6307014.876,29
FP,2019-04-23,0.96,0.958,0.97,0.958,5238134,5055445.87,114
FP,2019-04-24,0.96,0.954,0.962,0.962,1253463,1203866.346,32
FP,2019-04-25,0.962,0.96,0.97,0.97,2347770,2274988.976,54
FP,2019-04-30,0.97,0.97,0.98,0.978,5565388,5438621.244,63
FP,2019-05-02,0.97,0.97,0.978,0.978,1256224,1225516.516,46
FP,2019-05-03,0.974,0.974,0.978,0.974,1118986,1092385.068,31
FP,2019-05-06,0.974,0.954,0.974,0.954,2298780,2197286.368,65
FP,2019-05-07,0.964,0.958,0.974,0.96,1050526,1015501.012,31
FP,2019-05-08,0.964,0.95,0.97,0.95,4237617,4073632.802,69
FP,2019-05-09,0.966,0.962,0.974,0.962,1439098,1393734.502,46
FP,2019-05-10,0.962,0.962,0.97,0.97,1178860,1139333.066,25
FP,2019-05-13,0.97,0.954,0.972,0.96,1524145,1473190.368,43
FP,2019-05-14,0.956,0.946,0.958,0.95,4722149,4488532.412,63
FP,2019-05-15,0.954,0.95,0.96,0.96,3988622,3803922.276,46
FP,2019-05-16,0.954,0.954,0.972,0.972,5241307,5054491.776,58
FP,2019-05-17,0.976,0.97,0.978,0.978,1173577,1141883.262,35
FP,2019-05-20,0.978,0.972,0.978,0.974,1038169,1012106.884,29
FP,2019-05-21,0.97,0.958,0.974,0.958,1039182,1008127.62,48
FP,2019-05-22,0.974,0.968,0.974,0.97,812771,789985.27,38
FP,2019-05-23,0.976,0.968,0.976,0.968,1238575,1202816.316,35
FP,2019-05-24,0.968,0.962,0.968,0.964,3607293,3478038.87,48
FP,2019-05-27,0.964,0.958,0.968,0.966,7061426,6812422.876,54
FP,2019-05-28,0.966,0.966,0.986,0.986,6685050,6548786.522,104
FP,2019-05-29,0.988,0.982,1.005,0.992,4263822,4255205.868,120
FP,2019-05-30,0.986,0.986,1.015,1.015,7868620,7924772.701,140
FP,2019-05-31,1.005,1,1.035,1.035,5407606,5520585.3,156
FP,2019-06-03,1.03,1.025,1.08,1.075,19623368,20808798.335,236
FP,2019-06-04,1.075,1.055,1.08,1.06,13934256,14813640.335,138
FP,2019-06-05,1.07,1.06,1.09,1.09,7980775,8528036.035,158
FP,2019-06-06,1.095,1.095,1.11,1.1,12369790,13607593.525,231
FP,2019-06-07,1.025,1.02,1.045,1.03,2853799,2938577.065,217
FP,2019-06-10,1.025,1.015,1.03,1.015,5957145,6089138.895,110
FP,2019-06-11,1.025,1.015,1.04,1.02,8597090,8839613.26,98
FP,2019-06-12,1.02,1.015,1.035,1.02,5882474,5984739.01,66
FP,2019-06-13,1.015,1.015,1.04,1.015,3271522,3359568.62,61
FP,2019-06-14,1.02,0.994,1.02,1.01,2282944,2289381.032,92
FP,2019-06-18,0.998,0.998,1.025,1.005,3926688,3962080.54,73
FP,2019-06-19,1.01,1.01,1.03,1.02,728257,745559.395,40
FP,2019-06-20,1.01,1.01,1.065,1.04,28071878,28808860.085,124
FP,2019-06-21,1.05,1.045,1.06,1.055,30549920,32078557.61,50
FP,2019-06-24,1.055,1.02,1.06,1.02,5798452,6088643.11,82
FP,2019-06-25,1.045,1.03,1.045,1.03,942123,971368.855,49
FP,2019-06-26,1.04,1.025,1.05,1.045,2566999,2648147.1,50
FP,2019-06-27,1.06,1.04,1.065,1.055,23015291,24253002.94,128
FP,2019-06-28,1.07,1.065,1.075,1.07,3318143,3549771.015,62
FP,2019-07-01,1.065,1.04,1.075,1.05,4655533,4888491.325,177
FP,2019-07-02,1.055,1.045,1.07,1.045,7180029,7542956.55,95
FP,2019-07-03,1.07,1.06,1.075,1.065,358334,383090.075,38
FP,2019-07-04,1.07,1.065,1.075,1.075,50665551,53961007.615,70
FP,2019-07-05,1.075,1.065,1.09,1.09,1374831,1479962.685,65
FP,2019-07-08,1.085,1.07,1.085,1.07,515100,552361.79,63
FP,2019-07-09,1.075,1.07,1.105,1.1,2170111,2369925.85,178
FP,2019-07-10,1.115,1.075,1.115,1.09,6436067,7044065.305,192
FP,2019-07-11,1.1,1.09,1.105,1.1,3479513,3827258.65,61
FP,2019-07-12,1.105,1.08,1.105,1.09,1630181,1783282.34,137
FP,2019-07-15,1.09,1.08,1.1,1.085,5994648,6511947.305,132
FP,2019-07-16,1.085,1.07,1.095,1.08,2623781,2833435.105,119
FP,2019-07-17,1.075,1.075,1.085,1.075,3359417,3613000.455,66
FP,2019-07-18,1.085,1.075,1.085,1.085,717084,771435.925,45
FP,2019-07-19,1.08,1.075,1.085,1.085,277195,299375.825,25
FP,2019-07-22,1.085,1.075,1.09,1.08,2791814,3004272.825,47
FP,2019-07-23,1.08,1.075,1.085,1.085,202371,218067.88,35
FP,2019-07-24,1.085,1.07,1.085,1.075,980291,1055494.085,32
FP,2019-07-25,1.08,1.08,1.085,1.08,1692302,1827703.195,29
FP,2019-07-26,1.08,1.075,1.085,1.085,399382,431442.495,34
FP,2019-07-29,1.085,1.075,1.085,1.08,2988960,3227828.95,49
FP,2019-07-30,1.085,1.08,1.085,1.08,6185837,6680726.26,28
FP,2019-07-31,1.08,1.08,1.09,1.09,1008768,1093366.885,45
FP,2019-08-01,1.09,1.08,1.095,1.095,3198028,3485088.18,36
FP,2019-08-02,1.095,1.08,1.095,1.085,16773628,18279589.2,53
FP,2019-08-05,1.09,1.08,1.09,1.085,11881702,12883096.07,83
FP,2019-08-06,1.08,1.075,1.1,1.095,51933567,57030622.745,96
FP,2019-08-07,1.1,1.09,1.1,1.095,3843027,4209694.37,49
FP,2019-08-08,1.095,1.095,1.115,1.11,10414945,11480370.52,64
FP,2019-08-09,1.115,1.1,1.12,1.115,2851836,3165576.84,42
FP,2019-08-12,1.105,1.095,1.115,1.095,3154485,3469234.44,60
FP,2019-08-13,1.105,1.09,1.105,1.1,10198198,11166886.745,39
FP,2019-08-14,1.1,1.095,1.105,1.1,6490060,7138829.8,122
FP,2019-08-16,1.1,1.095,1.105,1.105,3104035,3416103.85,60
FP,2019-08-19,1.105,1.09,1.105,1.095,398642,437123.3,48
FP,2019-08-20,1.09,1.085,1.1,1.09,1188195,1296662.6,66
FP,2019-08-21,1.1,1.09,1.105,1.105,8353430,9119193.255,107
FP,2019-08-22,1.1,1.095,1.105,1.105,2650231,2918244.625,98
FP,2019-08-23,1.105,1.095,1.115,1.105,780664,861143.565,66
FP,2019-08-26,1.1,1.09,1.105,1.1,909267,998380.145,55
FP,2019-08-27,1.11,1.105,1.125,1.125,7347556,8173903.72,120
FP,2019-08-28,1.125,1.115,1.15,1.1400000000000001,4061938,4624039.885,139
FP,2019-08-29,1.15,1.1400000000000001,1.15,1.1400000000000001,4159760,4776171.12,69
FP,2019-08-30,1.145,1.1400000000000001,1.15,1.1400000000000001,9120196,10443753.26,60
FP,2019-09-02,1.1400000000000001,1.1400000000000001,1.15,1.15,3830276,4387194.03,64
FP,2019-09-03,1.15,1.135,1.15,1.135,3917096,4473181.53,80
FP,2019-09-04,1.15,1.135,1.15,1.145,8856807,10120259.875,52
FP,2019-09-05,1.145,1.135,1.15,1.135,8076407,9230809.705,68
FP,2019-09-06,1.1400000000000001,1.13,1.1400000000000001,1.1400000000000001,2788447,3166040.46,46
FP,2019-09-09,1.1400000000000001,1.135,1.15,1.135,2533053,2890339.285,54
FP,2019-09-10,1.1400000000000001,1.1400000000000001,1.15,1.1400000000000001,3928569,4494605.94,44
FP,2019-09-11,1.145,1.1400000000000001,1.145,1.1400000000000001,3265252,3733841.72,46
FP,2019-09-12,1.145,1.1400000000000001,1.145,1.145,9325158,10663344.19,39
FP,2019-09-13,1.145,1.145,1.15,1.145,11456181,13125155.975,55
FP,2019-09-16,1.15,1.145,1.15,1.15,4820419,5537451.62,47
FP,2019-09-17,1.15,1.13,1.15,1.13,4405142,5041533.51,90
FP,2019-09-18,1.15,1.135,1.15,1.145,7961595,9136125.6,47
FP,2019-09-19,1.15,1.1400000000000001,1.15,1.1400000000000001,1582736,1811188.195,46
FP,2019-09-20,1.145,1.1400000000000001,1.155,1.15,6154949,7049204.815,84
FP,2019-09-23,1.155,1.15,1.2,1.2,3540586,4118613.73,192
FP,2019-09-24,1.195,1.17,1.195,1.17,5815006,6888710.66,127
FP,2019-09-25,1.175,1.17,1.175,1.175,2931745,3437366.205,66
FP,2019-09-26,1.175,1.17,1.175,1.17,6015032,7039375.525,97
FP,2019-09-27,1.175,1.165,1.19,1.185,2936842,3450559.275,115
FP,2019-09-30,1.18,1.17,1.19,1.19,2425107,2864376.945,56
FP,2019-10-01,1.18,1.175,1.185,1.18,3650249,4303010.86,38
FP,2019-10-02,1.175,1.15,1.185,1.16,1771539,2082666.1,91
FP,2019-10-03,1.16,1.16,1.18,1.17,1485484,1748086.55,48
FP,2019-10-04,1.17,1.15,1.175,1.16,5440025,6323293.875,52
FP,2019-10-07,1.18,1.16,1.18,1.18,7759677,9024909.055,54
FP,2019-10-08,1.18,1.16,1.18,1.17,1548391,1815047.68,40
FP,2019-10-09,1.175,1.16,1.18,1.175,1246644,1463287.48,30
FP,2019-10-10,1.175,1.165,1.18,1.175,3804373,4470111.37,25
FP,2019-10-11,1.175,1.17,1.19,1.19,1374040,1631015.235,53
FP,2019-10-14,1.19,1.18,1.2,1.18,1224081,1462054.61,61
FP,2019-10-15,1.195,1.185,1.195,1.19,1205916,1435121.79,37
FP,2019-10-16,1.19,1.175,1.19,1.18,5907037,7001252.85,36
FP,2019-10-17,1.18,1.18,1.195,1.195,3471216,4107045.33,58
FP,2019-10-18,1.19,1.185,1.195,1.195,1049713,1252142.34,37
FP,2019-10-21,1.195,1.19,1.2,1.195,1085549,1297103.315,33
FP,2019-10-22,1.19,1.18,1.195,1.18,1059373,1255155.77,53
FP,2019-10-23,1.18,1.18,1.19,1.18,2342031,2785717.545,39
FP,2019-10-24,1.195,1.175,1.195,1.175,6494328,7666252.93,86
FP,2019-10-25,1.185,1.18,1.185,1.18,1734740,2047031.565,38
FP,2019-10-28,1.18,1.175,1.185,1.18,4225860,4987737.305,76
FP,2019-10-29,1.18,1.175,1.18,1.175,3956545,4667024.795,63
FP,2019-10-30,1.18,1.165,1.18,1.165,1249861,1467698.67,73
FP,2019-10-31,1.175,1.155,1.18,1.155,1181657,1382876.935,94
FP,2019-11-01,1.175,1.16,1.175,1.175,1062225,1247131.55,31
FP,2019-11-04,1.175,1.165,1.18,1.18,4397727,5151071.375,41
FP,2019-11-05,1.175,1.17,1.18,1.175,1022584,1199057.53,37
FP,2019-11-06,1.18,1.165,1.18,1.17,10837833,12703541.385,66
FP,2019-11-07,1.175,1.17,1.18,1.175,10988523,12911455.035,37
FP,2019-11-08,1.175,1.175,1.18,1.18,8942497,10510225.95,31
FP,2019-11-11,1.18,1.175,1.19,1.19,1393741,1649584.365,52
FP,2019-11-12,1.19,1.175,1.19,1.175,1418519,1677903.585,36
FP,2019-11-13,1.185,1.175,1.185,1.185,1402887,1655408.54,27
FP,2019-11-14,1.19,1.175,1.19,1.18,1987868,2348301.085,40
FP,2019-11-15,1.19,1.18,1.19,1.185,1327370,1567887.17,67
FP,2019-11-18,1.185,1.18,1.185,1.18,2002945,2367516.6,75
FP,2019-11-19,1.18,1.175,1.185,1.175,9581093,11303641.915,90
FP,2019-11-20,1.185,1.175,1.19,1.19,4087068,4825419.45,51
FP,2019-11-21,1.19,1.175,1.19,1.175,2176632,2568376.13,55
FP,2019-11-22,1.18,1.175,1.18,1.175,2195342,2586404.85,113
FP,2019-11-25,1.18,1.18,1.195,1.19,1473703,1748941.365,110
FP,2019-11-26,1.185,1.175,1.185,1.175,3802310,4482547.67,179
FP,2019-11-27,1.175,1.175,1.18,1.18,2117370,2495346.775,102
FP,2019-11-28,1.18,1.175,1.18,1.18,3082724,3628528.54,108
FP,2019-11-29,1.185,1.185,1.2,1.195,1910379,2275582.6,100
FP,2019-12-02,1.195,1.185,1.195,1.195,1254587,1498095.14,55
FP,2019-12-03,1.195,1.19,1.2,1.19,1390310,1659853.755,69
FP,2019-12-04,1.195,1.185,1.2,1.195,2443799,2919454.26,87
FP,2019-12-05,1.195,1.185,1.195,1.195,1190158,1419601.195,73
FP,2019-12-06,1.195,1.19,1.195,1.195,2144196,2560304.79,49
FP,2019-12-09,1.195,1.19,1.195,1.19,1139534,1360924.25,56
FP,2019-12-10,1.195,1.185,1.195,1.19,1231548,1464037.66,79
FP,2019-12-11,1.18,1.18,1.2,1.195,4893692,5841784.91,90
FP,2019-12-12,1.195,1.18,1.195,1.185,7388421,8790520.785,68
FP,2019-12-13,1.185,1.175,1.195,1.18,2501162,2960681.95,132
FP,2019-12-16,1.195,1.18,1.195,1.195,13456053,15991597.26,109
FP,2019-12-17,1.19,1.185,1.19,1.19,1593052,1892612.97,65
FP,2019-12-18,1.195,1.185,1.195,1.19,1435287,1707220.49,51
FP,2019-12-19,1.195,1.185,1.195,1.19,1587931,1888757.94,92
FP,2019-12-20,1.19,1.185,1.195,1.19,5117362,6077511.78,164
FP,2019-12-23,1.195,1.195,1.2,1.2,1757674,2103907.185,201
FP,2019-12-27,1.2,1.2,1.21,1.205,18017643,21633520.695,218
FP,2019-12-30,1.21,1.205,1.215,1.21,10840319,13117373.415,145
FP,2020-01-03,1.215,1.195,1.215,1.2,5242842,6315803.345,218
FP,2020-01-06,1.195,1.195,1.205,1.195,4369402,5242169.735,87
FP,2020-01-07,1.2,1.19,1.2,1.195,4740972,5674309.78,167
FP,2020-01-08,1.195,1.185,1.2,1.195,5894003,7030779.51,227
FP,2020-01-09,1.2,1.195,1.205,1.2,9833834,11796253.85,170
FP,2020-01-10,1.205,1.2,1.21,1.205,5104587,6139550.245,180
FP,2020-01-13,1.2,1.2,1.2349999999999999,1.2349999999999999,5047599,6171051.16,244
FP,2020-01-14,1.2349999999999999,1.225,1.24,1.24,4314844,5327351.555,214
FP,2020-01-15,1.245,1.245,1.26,1.255,18461124,23120078.71,399
FP,2020-01-16,1.26,1.25,1.27,1.255,4410735,5559828.95,341
FP,2020-01-17,1.26,1.255,1.2650000000000001,1.255,2001536,2527216.645,167
FP,2020-01-20,1.2650000000000001,1.255,1.27,1.255,1667226,2098920.84,236
FP,2020-01-21,1.26,1.255,1.2650000000000001,1.255,4154606,5229828.45,195
FP,2020-01-22,1.26,1.255,1.31,1.28,7652603,9763153.72,410
FP,2020-01-23,1.305,1.295,1.325,1.305,5348349,6975171.825,465
